"case","row_distance","reference_quantile"
1,4.78034343851865,0.00733370595081812
2,3.78605428287626,0.0152789672432429
3,2.45448127399726,0.02150469848865
4,3.38896176779631,0.0269416158171387
5,1.8126459063839,0.0318871318893393
6,2.18354300854858,0.0364849838900859
7,4.09833118152574,0.040818481182559
8,2.55771075021537,0.0449413389572492
9,0.173185585575959,0.0488907352534077
10,1.75310038165168,0.0526937435571672
11,0.448944850853067,0.0563708489772884
12,1.31696542592889,0.0599380228479966
13,0.635123206693177,0.063408020872211
14,2.74810525554307,0.0667912342645578
15,3.55596040125725,0.0700962694842901
16,3.47985925401943,0.0733303558184393
17,2.31947268241205,0.0764996397158342
18,4.09077222304223,0.07960940227572
19,1.78221244250719,0.0826642231846571
20,2.07186706226373,0.0856681064595826
21,6.29451747491326,0.0886245783905861
22,4.47289393374217,0.091536764880849
23,11.9451289070501,0.094407453270609
24,1.96416566788031,0.0972391423064502
25,0.219487842212018,0.100034082934703
26,8.00677167193057,0.102794311908118
27,0.459510931196916,0.105521679702939
28,2.64032694181724,0.108217873887045
29,2.68769829532916,0.110884438818167
30,6.5190881984483,0.113522792356514
31,4.73344624868601,0.116134240129766
32,0.786365418647863,0.118719987777045
33,2.33953738635247,0.121281151513002
34,0.799986262442636,0.123818767286862
35,0.438882709798145,0.126333798759496
36,3.87648015021619,0.128827144280736
37,6.82046186836035,0.13129964301675
38,3.09366839599819,0.133752080351355
39,0.881047705867709,0.136185192664292
40,4.45644315418433,0.138599671572579
41,10.6895609326415,0.140996167707273
42,2.35323012958172,0.143375294086709
43,6.57559996045203,0.145737629137964
44,1.92444926564751,0.148083719410611
45,1.23519156435501,0.150414082020434
46,2.57210649665809,0.152729206855393
47,10.6615581708789,0.15502955857169
48,3.34769313842812,0.157315578403951
49,3.34194157765588,0.159587685810381
50,0.905464210721615,0.161846279971009
51,4.47240261815276,0.164091741154834
52,7.63616284783932,0.166324431969702
53,8.81831121193041,0.168544698507042
54,12.0499184304757,0.170752871392137
55,3.94722727121539,0.172949266749328
56,3.88308042239063,0.175134187090486
57,4.51668507312179,0.177307922134098
58,5.24388927467307,0.179470749561528
59,3.68843381691094,0.181622935716274
60,2.54851334195362,0.183764736251405
61,1.39469028628493,0.185896396729836
62,1.02018982751801,0.18801815318158
63,7.38593696929594,0.190130232621722
64,0.972194305345123,0.19223285353245
65,2.4476652137766,0.194326226312183
66,2.48128166287127,0.196410553694483
67,3.72059574948189,0.198486031139248
68,6.43895621350976,0.200552847198381
69,2.15743715676264,0.202611183857966
70,5.48380231347181,0.204661216858771
71,3.01216883043099,0.206703115996751
72,1.28560737276353,0.20873704540506
73,2.48041470244067,0.21076316381894
74,0.838658388418878,0.212781624824776
75,2.73054733984524,0.214792577094425
76,1.94167731919102,0.216796164605921
77,10.6321167110574,0.21879252685147
78,3.00487072973131,0.220781799033665
79,5.28124998809284,0.222764112250699
80,1.58600073580899,0.224739593671347
81,0.607351107763459,0.226708366700385
82,3.55054586234554,0.228670551135099
83,6.47991777675144,0.230626263313448
84,6.93870549954717,0.232575616254437
85,0.766054049548599,0.234518719791186
86,2.64324602307121,0.236455680697168
87,1.31031056420648,0.238386602806031
88,5.73610231823923,0.240311587125406
89,3.35418773315216,0.242230731945067
90,7.94746098466417,0.244144132939785
91,1.3586939281023,0.246051883267191
92,2.0458450328356,0.247954073660937
93,2.88171918392886,0.249850792519446
94,0.735200290704545,0.251742125990482
95,3.29075879038881,0.2536281580518
96,10.4329913883879,0.255508970588085
97,1.92422953154173,0.257384643464389
98,3.41963686242132,0.259255254596269
99,3.59917559197222,0.261120880016794
100,2.11562727495337,0.262981593940593
101,5.20552767043443,0.264837468825118
102,1.6552381241974,0.266688575429244
103,1.86078651725811,0.268534982869372
104,1.76194232457128,0.270376758673147
105,1.56922823646721,0.27221396883092
106,0.235132050240424,0.274046677845075
107,0.659165386298128,0.27587494877732
108,8.27434302131168,0.277698843294046
109,0.926609357537653,0.279518421709859
110,0.579212880499136,0.281333743029361
111,4.1316593489641,0.283144864987277
112,6.82918113028307,0.284951844086998
113,1.58339616990721,0.286754735637629
114,0.163403831769733,0.2885535937896
115,2.14804177023996,0.290348471568914
116,1.15442626617185,0.292139420910092
117,3.5808257879317,0.293926492687885
118,2.39050260210217,0.295709736747794
119,9.43104705763058,0.297489201935467
120,0.531440689406502,0.299264936125012
121,0.167995195769447,0.301036986246285
122,2.97316886624241,0.302805398311189
123,2.01249426264523,0.304570217439033
124,3.32348486402638,0.306331487880991
125,4.41420722304993,0.308089253043701
126,3.29536532239418,0.309843555512034
127,1.49125107235216,0.311594437071082
128,0.908912509127101,0.313341938727384
129,2.7573899986794,0.315086100729429
130,5.84826051304117,0.316826962587467
131,0.688636739381406,0.318564563092652
132,1.98791910211144,0.320298940335547
133,1.03631759388717,0.322030131724019
134,3.39090885237411,0.323758174000544
135,0.729684063539461,0.325483103258952
136,5.99772223796295,0.32720495496062
137,5.08495688182537,0.328923763950162
138,1.48491942511132,0.3306395644706
139,3.26846108428259,0.332352390178072
140,2.30704128035016,0.334062274156063
141,2.84994026836732,0.335769248929203
142,0.849933773092492,0.337473346476633
143,2.13563336420318,0.339174598244959
144,5.33797183684598,0.340873035160813
145,3.07837380685787,0.342568687643033
146,1.00091307585283,0.34426158561447
147,2.38916080976605,0.345951758513454
148,3.32497689151158,0.347639235304906
149,2.74989955110371,0.349324044491131
150,3.32711957273643,0.35100621412229
151,0.848168537930236,0.352685771806571
152,1.63334997703157,0.354362744720062
153,2.34784222491472,0.356037159616343
154,2.702706679806,0.357709042835799
155,5.14059469467833,0.359378420314681
156,1.98233991963326,0.361045317593894
157,2.35999612450667,0.362709759827557
158,2.24998427148915,0.364371771791309
159,3.66888297496962,0.366031377890398
160,10.3639026698237,0.36768860216754
161,0.542579467016718,0.369343468310566
162,1.93933281854024,0.370995999659861
163,3.46195463850023,0.372646219215605
164,1.65498948274784,0.374294149644814
165,4.23324073777242,0.375939813288202
166,0.736889673537877,0.377583232166852
167,3.49266170825198,0.379224427988717
168,1.31649341796754,0.380863422154952
169,4.48398006240824,0.382500235766077
170,0.737432461848023,0.384134889627983
171,2.09136710560958,0.385767404257786
172,2.46431014057918,0.387397799889525
173,1.744310104211,0.389026096479724
174,2.06393829511822,0.390652313712802
175,4.43314184241015,0.392276471006363
176,0.242414189322408,0.393898587516336
177,3.18330068891582,0.395518682142002
178,1.60487924979806,0.397136773530889
179,3.06549481590525,0.39875288008355
180,0.364009942501977,0.400367019958222
181,0.432419424723127,0.401979211075374
182,2.15325712472471,0.403589471122145
183,0.101453712887352,0.405197817556675
184,2.56429194647462,0.406804267612332
185,3.69100485140419,0.408408838301838
186,0.773568638880777,0.410011546421302
187,2.76260253849795,0.411612408554152
188,1.32955663963968,0.413211441074978
189,2.33375168030229,0.41480866015329
190,1.10831769082898,0.416404081757178
191,3.41988031262539,0.417997721656902
192,1.34852355963756,0.419589595428386
193,3.5568430702434,0.421179718456645
194,1.94287751180682,0.422768105939122
195,2.6934431435889,0.424354772888964
196,6.30114316967912,0.425939734138208
197,1.38954363921825,0.427523004340915
198,3.59859623101649,0.429104597976213
199,2.39896119273857,0.430684529351295
200,1.07494473943325,0.432262812604331
201,2.35919129654746,0.433839461707333
202,0.299694374460259,0.435414490468947
203,0.384888492045928,0.436987912537185
204,12.4312231162736,0.438559741402109
205,0.422676567329656,0.440129990398441
206,1.27695805021299,0.441698672708133
207,11.3200925337509,0.44326580136287
208,0.885387715536589,0.44483138924653
209,0.776938846272689,0.446395449097585
210,3.25193354837164,0.447957993511455
211,2.33611831682653,0.449519034942814
212,1.01678226443689,0.451078585707847
213,3.10611252052204,0.45263665798646
214,2.60455548349307,0.454193263824442
215,4.95295707455824,0.455748415135591
216,2.3490366131383,0.457302123703789
217,2.51343802960173,0.458854401185039
218,2.96256713059782,0.460405259109455
219,2.7936346124142,0.461954708883225
220,6.92556555657418,0.463502761790518
221,3.74787249993372,0.465049428995367
222,2.0862039107424,0.46659472154351
223,1.56461852567478,0.468138650364188
224,3.97723594542209,0.469681226271922
225,3.33504215614466,0.471222459968241
226,2.0458450328356,0.472762362043386
227,4.72604453405626,0.474300942977975
228,0.10492162943549,0.475838213144641
229,1.10073919653398,0.477374182809638
230,3.09345047440522,0.478908862134408
231,5.26784748215008,0.480442261177131
232,0.0852936462159866,0.481974389894237
233,0.86930069747569,0.483505258141893
234,2.46337305214068,0.485034875677458
235,4.80963457126034,0.486563252160917
236,3.61988793918212,0.488090397156286
237,7.85371603804548,0.489616320132987
238,2.18478933697662,0.4911410304672
239,3.58449552511735,0.492664537443198
240,7.56900334190101,0.494186850254642
241,4.22249186325609,0.495707978005865
242,0.406228327228518,0.497227929713129
243,6.50247173050704,0.498746714305857
244,1.49162105160721,0.500264340627848
245,2.4891652423831,0.501780817438463
246,3.73023793612013,0.503296153413796
247,2.10328705932074,0.504810357147821
248,2.54521064824323,0.506323437153522
249,0.334642155249005,0.507835401863998
250,2.70170524754657,0.509346259633553
251,2.23844961516992,0.510856018738763
252,0.565887654729769,0.512364687379531
253,3.00423774815447,0.513872273680115
254,1.01421247104833,0.515378785690145
255,4.02172214712429,0.51688423138562
256,0.869768519875973,0.518388618669887
257,1.60417107578156,0.519891955374605
258,4.60571835610995,0.521394249260692
259,2.77216777568697,0.522895508019255
260,10.5033024365199,0.524395739272508
261,2.42779706565384,0.525894950574666
262,2.77432480778488,0.527393149412836
263,3.87002116293999,0.528890343207882
264,2.68750437791068,0.530386539315285
265,1.06443721686405,0.531881745025978
266,3.89242521983795,0.533375967567182
267,0.591748895863122,0.53486921410321
268,0.102466627606864,0.536361491736275
269,5.23345976037021,0.537852807507274
270,13.0047757728779,0.539343168396565
271,2.12169519432532,0.540832581324724
272,0.569330213976269,0.5423210531533
273,2.20136756352811,0.54380859068555
274,0.325668889280986,0.545295200667167
275,0.397579424570842,0.546780889786992
276,3.10343560388968,0.548265664677717
277,0.837556474743684,0.549749531916577
278,3.05453042526739,0.551232498026035
279,0.187199667058821,0.552714569474443
280,5.70735097363506,0.554195752676712
281,9.13325136744301,0.555676053994954
282,1.71968679941667,0.557155479739123
283,1.9850623021031,0.558634036167647
284,3.67583985692014,0.560111729488046
285,2.55550119611372,0.561588565857538
286,2.38941601263184,0.563064551383647
287,2.11470326926434,0.564539692124788
288,3.07131527723391,0.566013994090855
289,2.09474787724038,0.567487463243789
290,1.50403998582833,0.568960105498148
291,2.28205782273788,0.57043192672166
292,0.338118403165277,0.571902932735773
293,6.03404900162566,0.573373129316193
294,4.02519830434622,0.574842522193418
295,1.32642442594167,0.576311117053261
296,3.02408107765727,0.577778919537365
297,1.17354594939825,0.579245935243713
298,6.42379928852679,0.580712169727128
299,3.54173268797408,0.582177628499768
300,3.75947947592603,0.583642317031609
301,9.22424917796035,0.58510624075093
302,5.43144306053537,0.58656940504478
303,2.53727666057341,0.588031815259447
304,3.3640027030705,0.589493476700914
305,0.654383328259309,0.590954394635313
306,1.62283593270321,0.592414574289372
307,3.4440772166452,0.59387402085085
308,2.19383459914311,0.595332739468976
309,1.69684715154515,0.596790735254871
310,1.00395444995153,0.598248013281969
311,1.47953587909861,0.599704578586437
312,0.470457994699208,0.601160436167577
313,3.32810537790169,0.602615590988237
314,1.49436312048962,0.604070047975202
315,0.819401644474045,0.605523812019589
316,0.634465281506938,0.606976887977236
317,2.71076244738331,0.608429280669079
318,3.16661342388682,0.60988099488153
319,3.07515690271854,0.611332035366851
320,3.6560653829667,0.612782406843514
321,1.20832396630761,0.614232113996566
322,2.54103211460619,0.615681161477985
323,1.34238953386938,0.61712955390703
324,8.68498551985296,0.618577295870586
325,4.29166242954066,0.620024391923507
326,5.10110848990501,0.621470846588956
327,2.96205313855669,0.622916664358732
328,1.22770610256696,0.624361849693602
329,14.8944857106867,0.625806407023623
330,1.17649296557875,0.627250340748463
331,3.2009304495453,0.628693655237714
332,3.6750479427183,0.630136354831207
333,5.31440610872973,0.631578443839313
334,4.44286946571782,0.633019926543252
335,1.52818583524212,0.634460807195386
336,2.94816779280232,0.635901090019521
337,6.10061070090545,0.637340779211191
338,1.86116188914773,0.638779878937952
339,3.36872219076918,0.640218393339659
340,0.967179592441909,0.641656326528752
341,1.8618498763093,0.643093682590529
342,1.47159039784592,0.64453046558342
343,3.34185395497072,0.645966679539258
344,2.30733024749357,0.64740232846354
345,1.84286214171839,0.648837416335696
346,0.458428882250495,0.650271947109343
347,1.29899458933496,0.651705924712543
348,8.36533275936897,0.653139353048059
349,4.24232785588803,0.654572235993597
350,3.41041057029734,0.656004577402059
351,2.08883938933149,0.657436381101786
352,5.01856916624844,0.658867650896793
353,2.93771771702205,0.660298390567013
354,5.20093158989757,0.661728603868526
355,1.08172946987199,0.663158294533795
356,2.94465513592497,0.664587466271892
357,2.33368317603723,0.666016122768723
358,0.275866221846132,0.667444267687254
359,11.5752877526801,0.668871904667729
360,1.10854535219271,0.670299037327889
361,0.883853161913656,0.671725669263186
362,5.29896852608282,0.673151804046998
363,2.71470954018188,0.674577445230835
364,0.507493892162131,0.676002596344547
365,5.3820855441311,0.677427260896534
366,4.16040415286713,0.678851442373941
367,3.13740428976402,0.680275144242863
368,2.68441342375594,0.68169836994854
369,3.38679552027912,0.683121122915555
370,8.73986196501406,0.684543406548024
371,0.550927808322118,0.685965224229788
372,3.66666755136018,0.687386579324601
373,2.39878915553226,0.688807475176318
374,8.81831121193041,0.690227915109075
375,2.69057468168722,0.691647902427476
376,1.3135135319999,0.693067440416769
377,2.09550363403754,0.694486532343023
378,3.10427293165792,0.695905181453309
379,3.50285670683467,0.697323390975867
380,0.894773996714613,0.698741164120282
381,1.40495622822366,0.700158504077651
382,2.68536614501322,0.701575414020752
383,2.20740777457708,0.702991897104209
384,3.07131527723391,0.704407956464659
385,1.55369594819509,0.705823595220907
386,3.94077474165511,0.707238816474094
387,7.81310812010449,0.708653623307848
388,2.6753960871052,0.710068018788449
389,21.3494226020345,0.711482005964974
390,2.47219463004815,0.712895587869459
391,3.11505795927381,0.714308767517043
392,1.39323622001148,0.715721547906124
393,0.298684935471156,0.717133932018501
394,3.04590412203412,0.718545922819525
395,2.09709073749479,0.719957523258243
396,0.641022342688289,0.721368736267536
397,3.26643809677227,0.722779564764268
398,5.32065858770305,0.724190011649422
399,1.91973289804966,0.725600079808237
400,1.10606469854153,0.727009772110348
401,0.90973883376223,0.728419091409921
402,0.767596625004328,0.729828040545784
403,1.54078146471025,0.731236622341563
404,2.76536162157675,0.732644839605811
405,1.16134783304442,0.734052695132138
406,2.7063120610339,0.735460191699342
407,1.49522966590008,0.736867332071528
408,3.9124093655414,0.738274118998244
409,2.57274950188403,0.739680555214597
410,3.23893932786304,0.741086643441379
411,3.16355857861371,0.74249238638519
412,2.70928267358935,0.743897786738553
413,2.35181387481342,0.745302847180041
414,2.45519867522505,0.746707570374385
415,0.782805586973877,0.7481119589726
416,0.299388349256445,0.749516015612093
417,3.19799596209698,0.750919742916779
418,4.19933892627851,0.752323143497199
419,1.95971886018274,0.753726219950621
420,0.223927301295068,0.755128974861162
421,0.61706571779264,0.756531410799889
422,3.34185395497072,0.757933530324931
423,2.77181515085321,0.759335335981586
424,2.30486561326936,0.760736830302425
425,2.67510023436029,0.762138015807398
426,1.89469957828317,0.763538895003939
427,2.38734789088401,0.764939470387067
428,1.19604695683455,0.766339744439489
429,0.499729324983651,0.767739719631699
430,3.73425090512759,0.76913939842208
431,0.438534722233816,0.770538783256999
432,0.541986271830831,0.771937876570908
433,6.80314482901303,0.773336680786441
434,6.70543191392381,0.774735198314507
435,6.80190441632827,0.776133431554384
436,2.96295994688165,0.777531382893818
437,1.12460468759675,0.77892905470911
438,2.35996572165912,0.780326449365211
439,3.14640762927591,0.781723569215813
440,1.58170477096234,0.783120416603437
441,2.98416463247987,0.784516993859525
442,1.00638217829347,0.785913303304525
443,8.66208743041803,0.787309347247982
444,1.23635444274744,0.788705127988622
445,2.10561699204752,0.790100647814439
446,3.47821248504432,0.791495909002779
447,1.19699704108535,0.792890913820424
448,5.84666188421226,0.794285664523677
449,2.65571248754405,0.795680163358442
450,4.78718112616032,0.797074412560307
451,2.931671315836,0.798468414354624
452,1.24224976974829,0.799862170956591
453,3.11056417503881,0.801255684571328
454,1.09218009424808,0.80264895739396
455,0.50728550607694,0.80404199160969
456,9.01382036236647,0.805434789393878
457,0.697909441859036,0.806827352912118
458,0.906646187876454,0.808219684320314
459,2.34963702335065,0.809611785764753
460,2.35478326882264,0.811003659382179
461,3.92888760170501,0.812395307299869
462,1.19707312204045,0.813786731635702
463,1.03786408541583,0.815177934498237
464,3.10569075611003,0.816568917986776
465,2.51921999499364,0.817959684191441
466,5.16964293026824,0.819350235193244
467,1.93769462916995,0.820740573064152
468,2.21696951080151,0.82213069986716
469,2.5562590036815,0.823520617656357
470,3.69660614065285,0.824910328476993
471,0.0439759685529118,0.826299834365549
472,1.34852355963756,0.827689137349799
473,4.01874085794302,0.829078239448877
474,1.98252438058275,0.830467142673346
475,1.47374571108022,0.831855849025256
476,0.452512323309078,0.833244360498212
477,0.729322815066688,0.834632679077435
478,1.13454427462875,0.836020806739827
479,5.92821476368969,0.837408745454033
480,3.06238859111357,0.838796497180498
481,1.78629709549184,0.840184063871535
482,0.361082245487875,0.841571447471378
483,5.34634972640712,0.84295864991625
484,8.38138649591664,0.844345673134415
485,0.925644282088009,0.845732519046241
486,3.81104500781251,0.847119189564256
487,4.00278396640059,0.848505686593209
488,3.35159862054119,0.849892012030123
489,0.790081931828989,0.851278167764354
490,8.76935841001841,0.85266415567765
491,4.60020922071431,0.854049977644199
492,0.852526402952402,0.855435635530694
493,3.79531926476898,0.85682113119638
494,2.11564040794348,0.858206466493111
495,1.54722965503626,0.859591643265405
496,3.31712183265711,0.860976663350497
497,0.704330627281924,0.862361528578388
498,0.736758611051864,0.863746240771904
499,4.07198073640526,0.865130801746743
500,23.1709636438535,0.866515213311527
501,3.03753696630446,0.867899477267855
502,1.3343377449236,0.869283595410353
503,4.83759639794714,0.870667569526724
504,13.4525779585819,0.872051401397794
505,2.12158893667006,0.873435092797571
506,1.64363884469036,0.874818645493282
507,1.00751082242753,0.876202061245429
508,5.71636365115743,0.877585341807838
509,0.867645230498073,0.878968488927699
510,0.453853301297599,0.880351504345621
511,2.89905951251932,0.881734389795676
512,1.17603095309644,0.883117147005445
513,9.81658247396346,0.884499777696063
514,1.40760087223407,0.885882283582268
515,1.87073283672504,0.887264666372444
516,7.66911519520038,0.888646927768665
517,0.976569450104323,0.890029069466742
518,4.95317048299272,0.891411093156264
519,2.56438593385336,0.892793000520648
520,3.45014747264042,0.894174793237172
521,3.03795230464037,0.89555647297703
522,3.64562227139545,0.896938041405365
523,0.897075191818813,0.898319500181316
524,1.92283317865662,0.89970085095806
525,0.153996458731213,0.901082095382851
526,4.90420698284893,0.902463235097067
527,4.85252596946102,0.903844271736242
528,3.1184998339021,0.905225206930116
529,2.94298731023565,0.906606042302668
530,6.47492299871066,0.90798677947216
531,4.12228050030337,0.909367420051177
532,0.924096262698173,0.910747965646662
533,2.6270283295498,0.912128417859961
534,3.72927376872514,0.913508778286857
535,1.09747120708441,0.914889048517609
536,8.50960323738739,0.916269230136993
537,1.32103697412856,0.917649324724338
538,0.485132016525653,0.91902933385356
539,0.796683437718505,0.920409259093207
540,8.8663225301922,0.921789102006488
541,1.21234196530004,0.923168864151315
542,2.51909388725998,0.924548547080334
543,4.73137845555993,0.925928152340967
544,4.50685297103491,0.927307681475443
545,4.33479429938857,0.928687136020838
546,17.1142731104215,0.930066517509104
547,2.7905539070486,0.931445827467108
548,0.922614766053719,0.932825067416668
549,0.544053366916355,0.934204238874583
550,0.890650826321022,0.935583343352669
551,1.05538235016313,0.936962382357794
552,2.5368050358102,0.93834135739191
553,5.82365394226218,0.939720269952088
554,3.79976021657572,0.941099121530547
555,1.20000463943913,0.942477913614691
556,1.70734313036714,0.943856647687141
557,4.02136997301412,0.945235325225764
558,0.893695239870603,0.946613947703709
559,0.878919096446341,0.947992516589437
560,15.1848879449485,0.94937103334675
561,3.35159862054119,0.950749499434826
562,5.62022431607336,0.952127916308251
563,1.222291866415,0.953506285417045
564,7.47289755533414,0.954884608206694
565,1.57913700860127,0.956262886118185
566,4.55395270163371,0.957641120588029
567,1.51838370106814,0.959019313048295
568,0.547102025386189,0.960397464926641
569,1.00797859686242,0.96177557764634
570,2.32810739392558,0.963153652626309
571,2.18624874481885,0.964531691281142
572,0.917254942846001,0.965909695021135
573,0.875861845382914,0.967287665252317
574,5.16765574944807,0.968665603376475
575,2.60790495813573,0.970043510791185
576,3.75864197777923,0.971421388889841
577,0.41103686942545,0.972799239061678
578,15.2252035422054,0.974177062691806
579,2.30314211848898,0.975554861161229
580,3.11141626012438,0.97693263584688
581,8.56895710760478,0.978310388121645
582,2.14899019770625,0.979688119354387
583,3.44237838789289,0.981065830909975
584,1.46893464155867,0.982443524149314
585,0.428011588112237,0.983821200429361
586,2.26498366209041,0.985198861103164
587,3.42220941123004,0.986576507519874
588,1.44109641263952,0.987954141024783
589,1.63250243282517,0.989331762959341
590,3.71301387977056,0.990709374661185
591,3.27005497711373,0.992086977464164
592,2.60086793302042,0.993464572698358
593,1.68146058506908,0.994842161690114
594,0.998008653191781,0.99621974576206
595,5.05950450967593,0.997597326233133
596,1.34800187262994,0.998974904418607
597,0.78828826377696,1.00035248163011
598,4.71514715905698,1.00173005917565
599,3.58925709626136,1.00310763835964
600,10.6222102666208,1.00448522048293
601,0.331833558955624,1.0058628068428
602,4.97478188737449,1.00724039873304
603,2.01582574018141,1.00861799744389
604,0.781822314817428,1.00999560426216
605,0.515964225970868,1.01137322047116
606,1.92648771349613,1.0127508473508
607,0.638934743421744,1.01412848617755
608,3.03123409522882,1.01550613822451
609,2.67510023436029,1.01688380476139
610,0.490229458155321,1.01826148705459
611,1.45132013552936,1.01963918636714
612,3.3615767931012,1.02101690395879
613,2.4142820990538,1.02239464108603
614,4.47812693612401,1.02377239900204
615,3.16110606047967,1.02515017895681
616,4.38878942899228,1.02652798219708
617,0.0151400020611473,1.02790580996639
618,1.85381019532408,1.02928366350513
619,2.97512146533291,1.03066154405052
620,3.59929324265222,1.03203945283663
621,2.66521956286099,1.03341739109444
622,2.54938883012395,1.03479536005181
623,0.979700712321411,1.03617336093354
624,2.33375168030229,1.03755139496137
625,1.59919844883064,1.03892946335401
626,8.29556313916126,1.04030756732714
627,3.96506458489193,1.04168570809345
628,0.885387715536589,1.04306388686265
629,1.21957782190375,1.0444421048415
630,0.808460645204846,1.04582036323381
631,2.71703951315032,1.04719866324048
632,5.09369279890076,1.04857700605951
633,2.01284906766808,1.04995539288599
634,2.68962997104802,1.05133382491217
635,1.70942823548284,1.05271230332746
636,2.01582574018141,1.05409082931843
637,7.28383152454348,1.05546940406883
638,4.77919718096143,1.05684802875965
639,1.08127270455015,1.05822670456907
640,2.36758478844971,1.05960543267254
641,2.67349055102718,1.06098421424276
642,2.5291581680842,1.06236305044971
643,8.04113493916891,1.06374194246069
644,2.625490453505,1.06512089144028
645,1.3847358565369,1.06649989855041
646,2.74810525554307,1.06787896495036
647,3.26073647677098,1.06925809179677
648,1.696445631077,1.07063728024367
649,2.26953953970855,1.07201653144248
650,17.4106717387308,1.07339584654205
651,4.78132613331682,1.07477522668866
652,2.57248952502692,1.07615467302602
653,1.36729407439631,1.07753418669534
654,0.0974627974084776,1.07891376883529
655,3.04256006303716,1.08029342058204
656,2.44136530865486,1.08167314306928
657,2.97912016725458,1.08305293742823
658,7.83668412010312,1.08443280478766
659,1.46696130057737,1.0858127462739
660,0.280615197591749,1.08719276301084
661,2.79392985046385,1.08857285612001
662,10.2263257425496,1.08995302672049
663,4.0261640019043,1.09133327592904
664,3.33850622509881,1.09271360486002
665,8.18580094520593,1.09409401462547
666,1.31477683787726,1.09547450633509
667,2.28244598083029,1.09685508109626
668,4.46503666153311,1.09823574001407
669,3.84854800466216,1.09961648419133
670,1.68802585754547,1.10099731472856
671,1.51600024299089,1.10237823272405
672,6.38776568593949,1.10375923927383
673,1.88978881566666,1.1051403354717
674,1.7057552329178,1.10652152240928
675,4.07237049367332,1.10790280117596
676,3.06550458953476,1.10928417285895
677,1.26642437563927,1.11066563854331
678,2.94816779280232,1.11204719931193
679,1.98587449367592,1.11342885624556
680,1.99090898030431,1.11481061042283
681,2.77639194315396,1.11619246292025
682,0.837556474743684,1.11757441481223
683,1.49522966590008,1.11895646717109
684,1.26733130069318,1.1203386210671
685,3.43350575683575,1.12172087756843
686,2.29762153687156,1.12310323774125
687,3.84703758213542,1.12448570264967
688,3.03523193592534,1.12586827335579
689,8.76671177809316,1.12725095091969
690,0.0680041733034643,1.12863373639948
691,0.507601876774196,1.13001663085128
692,7.01733257741694,1.13139963532923
693,2.34784222491472,1.13278275088554
694,1.75262097015499,1.13416597857046
695,3.85131518740535,1.13554931943232
696,2.75397835545502,1.13693277451753
697,3.07774423424297,1.13831634487061
698,3.52693777635962,1.13970003153416
699,1.18124318179469,1.14108383554893
700,2.93509057486702,1.1424677579538
701,2.24394956697688,1.14385179978578
702,1.73690867548306,1.14523596208005
703,8.51246349862283,1.14662024586995
704,4.57422161187602,1.14800465218703
705,2.4661024845364,1.14938918206101
706,4.78630818572627,1.15077383651982
707,0.173185585575959,1.15215861658961
708,3.14406231035718,1.15354352329476
709,2.37505231094,1.1549285576579
710,4.82156806291905,1.1563137206999
711,1.34045318808536,1.1576990134399
712,1.13374302904353,1.15908443689532
713,2.70729486550094,1.16046999208188
714,0.344985734886033,1.16185568001357
715,2.95331866786723,1.16324150170272
716,1.77793541781939,1.16462745815996
717,2.88125161096135,1.16601355039427
718,0.939595885252196,1.16739977941296
719,4.01809145918464,1.16878614622171
720,3.45078486706063,1.17017265182456
721,2.10878056143417,1.17155929722392
722,2.65098720807242,1.17294608342061
723,1.30497689118772,1.17433301141383
724,2.16618044192884,1.1757200822012
725,1.49696908040527,1.17710729677874
726,0.325668889280986,1.17849465614094
727,0.167609299493809,1.17988216128071
728,1.29995179885766,1.1812698131894
729,4.41857237132247,1.18265761285685
730,1.3088990796472,1.18404556127136
731,9.03080308166122,1.18543365941971
732,2.08928809186566,1.18682190828718
733,1.87807629030698,1.18821030885756
734,4.86819188636636,1.18959886211316
735,1.70119448018532,1.19098756903478
736,5.0336263771443,1.19237643060181
737,1.26983356895448,1.19376544779214
738,2.7172422306995,1.19515462158223
739,0.609094820243582,1.19654395294711
740,3.28931971773056,1.19793344286039
741,1.92872270657466,1.19932309229426
742,2.93716497680464,1.20071290221948
743,2.09550363403754,1.20210287360547
744,1.78346698238975,1.20349300742021
745,3.24453794889433,1.20488330463033
746,1.36447753094723,1.20627376620109
747,3.58347490940673,1.20766439309641
748,4.04608707057858,1.20905518627882
749,3.99819912029939,1.21044614670956
750,0.704281973957695,1.21183727534851
751,3.23286822368867,1.21322857315424
752,5.23277985933304,1.21462004108402
753,4.28234043210366,1.21601168009381
754,2.64959719528532,1.21740349113827
755,0.972194305345123,1.2187954751708
756,8.01955066935401,1.22018763314352
757,1.06455979779246,1.22157996600726
758,2.96706572681117,1.22297247471164
759,1.718312991825,1.224365160205
760,1.73466487627313,1.22575802343445
761,7.89096274808974,1.2271510653459
762,2.60790495813573,1.22854428688399
763,2.54274840189992,1.22993768899219
764,1.02826792833536,1.23133127261276
765,2.05027593629944,1.23272503868676
766,2.3431907461743,1.23411898815407
767,0.623159240249866,1.2355131219534
768,2.02866673035433,1.23690744102228
769,4.41404047028695,1.23830194629709
770,2.3484177858306,1.23969663871306
771,2.69285204208107,1.24109151920429
772,3.58323596726908,1.24248658870372
773,1.32876470904531,1.24388184814319
774,1.41096544743361,1.24527729845342
775,0.569936865447589,1.24667294056402
776,11.8725365338059,1.24806877540348
777,4.44678224070932,1.24946480389924
778,2.63141856567653,1.25086102697762
779,2.39677530964797,1.25225744556389
780,2.14749939877336,1.25365406058224
781,5.04515188463271,1.2550508729558
782,3.0256758149015,1.25644788360667
783,2.59197979952491,1.25784509345587
784,5.35062334993936,1.25924250342343
785,2.63293274895844,1.26064011442831
786,2.29648598673791,1.26203792738849
787,2.94263570396439,1.26343594322091
788,3.67889816429713,1.26483416284153
789,2.52585487684126,1.26623258716529
790,4.46262413258377,1.26763121710617
791,1.87759088452723,1.26903005357714
792,3.3267989713487,1.27042909749023
793,8.93802813092742,1.27182834975648
794,0.557711004561451,1.27322781128599
795,1.2460884807374,1.2746274829879
796,0.285128752338474,1.27602736577041
797,4.5225912069327,1.27742746054079
798,5.72051977342806,1.27882776820539
799,3.82662962189159,1.28022828966961
800,1.38007698052182,1.28162902583799
801,9.52924930180465,1.28302997761411
802,2.58405544230468,1.2844311459007
803,0.0961828173943585,1.28583253159956
804,3.9642268423175,1.28723413561165
805,0.744886165445054,1.28863595883701
806,1.61039038325171,1.29003800217484
807,1.26578971700187,1.29144026652348
808,3.71490288833959,1.2928427527804
809,4.55167355030593,1.29424546184224
810,2.94410638873345,1.29564839460478
811,3.02987590048578,1.297051551963
812,0.470457994699208,1.29845493481103
813,3.04776588557564,1.29985854404218
814,2.03031749861151,1.30126238054896
815,8.73298385879069,1.30266644522307
816,0.532579376622519,1.30407073895541
817,1.38253633441588,1.30547526263611
818,3.52964192482291,1.30688001715448
819,6.24513099322346,1.30828500339908
820,2.09594381396273,1.3096902222577
821,5.57052088609817,1.31109567461735
822,2.86039666229048,1.31250136136429
823,2.76078825786922,1.31390728338405
824,1.54903374523411,1.31531344156138
825,4.02699623440341,1.31671983678032
826,1.83309865025082,1.31812646992418
827,0.27537883365795,1.31953334187553
828,4.78273314015348,1.32094045351623
829,3.55748768759191,1.32234780572745
830,0.76316953508695,1.32375539938962
831,8.11781913086672,1.32516323538251
832,3.83271769332615,1.32657131458516
833,3.1375348708282,1.32797963787597
834,1.56384746702796,1.32938820613263
835,2.74239244029345,1.33079702023216
836,7.23222042688496,1.33220608105093
837,8.09325032916264,1.33361538946465
838,0.697661616961891,1.33502494634836
839,1.95057044022705,1.33643475257648
840,7.67130812315384,1.33784480902276
841,1.42366817325542,1.33925511656035
842,3.90218860173604,1.34066567606173
843,0.946847711707383,1.34207648839881
844,1.25994279038572,1.34348755444285
845,3.21577219834067,1.3448988750645
846,0.739160980348242,1.34631045113383
847,6.77900400980992,1.3477222835203
848,4.86170023609246,1.34913437309278
849,2.78870176040647,1.35054672071954
850,6.86855061253775,1.35195932726831
851,0.184292613290029,1.35337219360622
852,1.05146109087263,1.35478532059983
853,7.88292009221002,1.35619870911516
854,0.793382670886154,1.35761236001765
855,4.25567448599319,1.35902627417222
856,8.57141676975893,1.36044045244322
857,1.06082466595815,1.36185489569448
858,5.09977714111746,1.3632696047893
859,2.33368317603723,1.36468458059044
860,1.38274700017017,1.36609982396016
861,5.12654246683692,1.3675153357602
862,3.71159524111603,1.36893111685178
863,0.707345036442599,1.37034716809563
864,1.73809664704561,1.37176349035198
865,2.96055077809106,1.37318008448057
866,1.1916605384315,1.37459695134067
867,0.883419707489227,1.37601409179104
868,3.7311936925037,1.37743150668999
869,2.48877431401641,1.37884919689535
870,4.45226401371723,1.3802671632645
871,0.607462996573468,1.38168540665436
872,0.571344579631092,1.38310392792139
873,2.97831932024838,1.3845227279216
874,0.199588409129648,1.38594180751059
875,2.24394956697688,1.38736116754349
876,3.57110590447094,1.38878080887502
877,3.72114545702189,1.39020073235948
878,0.57583935498182,1.39162093885074
879,1.34852355963756,1.39304142920227
880,2.92010517494476,1.39446220426711
881,1.55270289235212,1.39588326489792
882,1.28560737276353,1.39730461194697
883,1.70790160358143,1.3987262462661
884,4.00408901611645,1.40014816870682
885,1.63639868840616,1.40157038012021
886,2.36477627639257,1.402992881357
887,0.684116154834564,1.40441567326755
888,0.303218852375443,1.40583875670185
889,1.08127270455015,1.40726213250953
890,4.43784799272294,1.40868580153986
891,2.48064766405195,1.41010976464179
892,1.73700292610964,1.41153402266388
893,1.87565490062704,1.4129585764544
894,4.2252205537459,1.41438342686126
895,0.884375822627278,1.41580857473204
896,3.44133988984466,1.41723402091401
897,4.09151671896668,1.41865976625411
898,1.9253414829195,1.42008581159897
899,1.94890846935586,1.42151215779494
900,2.39582279946233,1.42293880568802
901,1.66646301872231,1.42436575612395
902,9.24739744593829,1.42579300994815
903,2.74919819072712,1.42722056800579
904,1.32543703646317,1.42864843114172
905,1.44406867634797,1.43007660020053
906,0.685429054082882,1.43150507602654
907,0.76316953508695,1.4329338594638
908,3.90595660167236,1.43436295135609
909,0.15732137464056,1.43579235254695
910,2.93361628199361,1.43722206387966
911,2.90358862440431,1.43865208619723
912,2.24206157957972,1.44008242034247
913,2.70850465323068,1.44151306715792
914,1.59273531176873,1.4429440274859
915,2.52827412577446,1.4443753021685
916,1.52475379852669,1.44580689204758
917,11.1493231211772,1.4472387979648
918,1.45139186191404,1.44867102076159
919,0.861675048128451,1.45010356127918
920,2.09434741446123,1.4515364203586
921,3.69769810566994,1.45296959884065
922,2.7891327160391,1.45440309756599
923,1.5213683412419,1.45583691737504
924,2.53928181838857,1.45727105910807
925,6.11608494416462,1.45870552360515
926,0.570503250756615,1.46014031170619
927,1.28240066610917,1.46157542425091
928,1.62828150826432,1.46301086207887
929,1.4006747989724,1.4644466260295
930,1.74947656716168,1.46588271694202
931,3.43061700931822,1.46731913565555
932,2.00796111514494,1.46875588300902
933,4.94291519619242,1.47019295984125
934,2.66695341542699,1.4716303669909
935,2.52827412577446,1.47306810529651
936,4.74042238542241,1.47450617559649
937,2.86743025144506,1.47594457872912
938,3.40792426235429,1.47738331553257
939,2.02767428391099,1.47882238684487
940,1.46650681227825,1.48026179350398
941,3.98276768071196,1.48170153634772
942,1.95586512283329,1.48314161621383
943,3.53124145903565,1.48458203393994
944,4.42185222361455,1.48602279036359
945,3.33748879258869,1.48746388632224
946,4.19573534457103,1.48890532265326
947,4.06253614781529,1.49034710019395
948,16.2645417944838,1.49178921978151
949,0.869768519875973,1.49323168225311
950,0.500014032242909,1.49467448844581
951,1.21454044485577,1.49611763919666
952,3.31758364311667,1.4975611353426
953,4.00278396640059,1.49900497772057
954,3.1151885977909,1.50044916716741
955,0.393903709300098,1.50189370451996
956,9.18453590637887,1.503338590615
957,7.89168159457918,1.50478382628927
958,3.23743444293577,1.50622941237951
959,2.32474349941401,1.50767534972239
960,4.03905338114837,1.5091216391546
961,1.20614698823927,1.51056828151278
962,1.05225337379763,1.51201527763358
963,1.12807369282435,1.51346262835363
964,1.92447403407967,1.51491033450957
965,0.66973436465942,1.51635839693801
966,0.897075191818813,1.51780681647561
967,0.885424461284151,1.51925559395898
968,1.88005375956085,1.5207047302248
969,2.73854739612273,1.52215422610974
970,8.90134138002208,1.52360408245048
971,3.92062124951843,1.52505430008375
972,4.27890426005798,1.5265048798463
973,5.01730343581229,1.52795582257491
974,5.62132099579571,1.52940712910641
975,0.958590468096016,1.53085880027765
976,0.303225653614108,1.53231083692556
977,3.76976951560222,1.53376323988709
978,1.73809664704561,1.53521600999927
979,0.156883039623711,1.53666914809916
980,4.25433204116895,1.53812265502391
981,6.00407674233294,1.53957653161074
982,2.50206687731155,1.54103077869691
983,3.31758364311667,1.54248539711979
984,1.76722822487837,1.54394038771681
985,3.61359099595237,1.5453957513255
986,1.01425321726695,1.54685148878346
987,1.83534000468195,1.5483076009284
988,2.35266044326637,1.54976408859811
989,2.38295424218744,1.5512209526305
990,3.24175281319582,1.55267819386357
991,4.78653637793113,1.55413581313543
992,0.796491789772288,1.55559381128431
993,1.8983683020511,1.55705218914856
994,0.801532195973284,1.55851094756663
995,1.39559881088411,1.55997008737712
996,2.57074121447797,1.56142960941875
997,4.15846081041934,1.56288951453037
998,1.67788671069389,1.56434980355097
999,1.55044741153605,1.56581047731969
1000,3.19414590883298,1.56727153667579
1001,1.82634524464213,1.56873298245872
1002,0.979248356330409,1.57019481550804
1003,5.25372955941192,1.57165703666349
1004,4.95263330113535,1.57311964676498
1005,1.64675438074114,1.57458264665257
1006,0.598023470380709,1.5760460371665
1007,0.579212880499136,1.57750981914716
1008,0.178584218897938,1.57897399343516
1009,0.657889610370045,1.58043856087124
1010,4.60218201584507,1.58190352229638
1011,2.1165070122796,1.5833688785517
1012,3.7656763219341,1.58483463047855
1013,1.1416822134181,1.58630077891846
1014,1.36065733450724,1.58776732471315
1015,4.57770823652905,1.58923426870457
1016,8.04113493916891,1.59070161173488
1017,4.77370858306626,1.59216935464642
1018,0.156106739304685,1.59363749828177
1019,3.29889313078715,1.59510604348375
1020,1.394004824276,1.59657499109536
1021,3.95336161876271,1.59804434195987
1022,4.70579259815049,1.59951409692075
1023,2.83122284369649,1.60098425682174
1024,0.569330213976269,1.60245482250679
1025,2.08299248153564,1.60392579482011
1026,3.57125714886113,1.60539717460615
1027,3.2796258454503,1.60686896270963
1028,0.593772960960151,1.6083411599755
1029,1.41280023965596,1.60981376724899
1030,2.69825771843915,1.61128678537558
1031,4.36537238649266,1.61276021520103
1032,4.37014041119734,1.61423405757137
1033,0.302968782671802,1.61570831333289
1034,1.0018848481528,1.61718298333218
1035,8.28322553350328,1.6186580684161
1036,1.6649754306581,1.6201335694318
1037,1.7462417903879,1.62160948722672
1038,2.19430944242836,1.6230858226486
1039,4.52481853722609,1.62456257654546
1040,1.20832396630761,1.62603974976565
1041,5.2503817901774,1.62751734315781
1042,1.59408718262746,1.62899535757088
1043,4.02077854509976,1.63047379385414
1044,0.226170559250687,1.63195265285716
1045,3.93201664850973,1.63343193542986
1046,2.6944578567286,1.63491164242245
1047,3.65684701105251,1.63639177468551
1048,1.22552677178936,1.6378723330699
1049,4.54187649509377,1.63935331842688
1050,4.25925159944039,1.64083473160799
1051,1.48491942511132,1.64231657346516
1052,0.496486234121547,1.64379884485064
1053,0.466302684685039,1.64528154661705
1054,0.177807033425317,1.64676467961734
1055,1.39868063180503,1.64824824470484
1056,1.32738107633446,1.64973224273325
1057,4.3566291355261,1.65121667455662
1058,3.85624293847339,1.65270154102936
1059,4.79035903070008,1.65418684300628
1060,5.3538423392166,1.65567258134256
1061,2.46000620798898,1.65715875689376
1062,1.51855208253374,1.65864537051582
1063,1.68273058210387,1.66013242306508
1064,2.47254868591607,1.66161991539825
1065,0.823051939519318,1.66310784837247
1066,1.98340407216334,1.66459622284526
1067,0.910782438833781,1.66608503967455
1068,1.69207883547677,1.66757429971866
1069,0.336197621349838,1.66906400383636
1070,0.737347117035302,1.6705541528868
1071,0.166786878095438,1.67204474772957
1072,3.90514975052556,1.67353578922467
1073,0.567444007598564,1.67502727823253
1074,2.07234046325709,1.67651921561401
1075,4.23093911927366,1.67801160223042
1076,2.0635164329789,1.67950443894348
1077,3.44237838789289,1.68099772661537
1078,1.93480664351687,1.68249146610871
1079,5.9748792787725,1.68398565828657
1080,1.39862245370991,1.68548030401248
1081,3.25783094820121,1.6869754041504
1082,4.69092566007616,1.68847095956479
1083,1.32637834473811,1.68996697112054
1084,0.697974024538924,1.69146343968302
1085,8.27043289011882,1.69296036611808
1086,2.44484684927665,1.69445775129203
1087,1.16023880292524,1.69595559607166
1088,1.24001164138878,1.69745390132426
1089,3.18446673828486,1.69895266791758
1090,0.980514730490812,1.70045189671989
1091,10.5105363063123,1.70195158859991
1092,0.383943684779527,1.70345174442691
1093,4.36855628899449,1.70495236507062
1094,0.100882454547352,1.70645345140129
1095,2.81508775900665,1.70795500428968
1096,4.91442318821166,1.70945702460706
1097,3.26346953628676,1.71095951322521
1098,7.2771588005177,1.71246247101644
1099,4.60802698013511,1.71396589885358
1100,3.04150301583119,1.71546979760997
1101,1.56646268687531,1.71697416815951
1102,0.973230753979566,1.7184790113766
1103,0.880900174916918,1.71998432813622
1104,0.402475365480971,1.72149011931384
1105,1.88667561057084,1.72299638578553
1106,2.5039712100597,1.72450312842786
1107,1.7722659953951,1.72601034811798
1108,1.23143790126287,1.7275180457336
1109,4.44678224070932,1.72902622215297
1110,0.284868210293313,1.73053487825491
1111,1.38862928019778,1.73204401491883
1112,1.89992931873226,1.73355363302467
1113,11.5173677603904,1.73506373345297
1114,4.22312436294202,1.73657431708486
1115,1.06138491022271,1.73808538480202
1116,3.04867055898458,1.73959693748675
1117,1.7974159556225,1.7411089760219
1118,0.849933773092492,1.74262150129096
1119,2.6057012962761,1.74413451417797
1120,3.8299304600559,1.74564801556761
1121,2.4935223722741,1.74716200634513
1122,1.11635048317407,1.74867648739642
1123,2.49849225956401,1.75019145960795
1124,2.48389999584136,1.75170692386684
1125,3.55392445073505,1.75322288106079
1126,0.202436376605112,1.75473933207816
1127,0.232317762468567,1.75625627780791
1128,8.12545834173308,1.75777371913964
1129,0.327359327758515,1.75929165696358
1130,4.297786616272,1.76081009217061
1131,2.05589079979567,1.76232902565223
1132,7.23278516414721,1.7638484583006
1133,0.717010795411145,1.76536839100852
1134,1.99599714576372,1.76688882466946
1135,0.745191164599838,1.76840976017752
1136,3.16259668280624,1.76993119842747
1137,0.428024795645654,1.77145314031476
1138,1.73687300717347,1.77297558673547
1139,3.34350910452852,1.77449853858639
1140,1.16199596399004,1.77602199676496
1141,1.06543505584105,1.77754596216931
1142,1.61330786129632,1.77907043569824
1143,2.35605759270264,1.78059541825125
1144,0.77455662660699,1.78212091072852
1145,2.3711567573363,1.78364691403091
1146,4.87818500101208,1.78517342906001
1147,1.86498745489839,1.78670045671809
1148,0.393912237509581,1.78822799790811
1149,1.58706006225905,1.78975605353376
1150,0.907742063507445,1.79128462449944
1151,2.6972422749251,1.79281371171025
1152,3.56747158267466,1.79434331607203
1153,1.30638705994715,1.79587343849132
1154,4.00781030784235,1.7974040798754
1155,1.72615314950062,1.79893524113229
1156,1.17436594714208,1.80046692317071
1157,0.251372323672507,1.80199912690015
1158,1.2746402082169,1.80353185323084
1159,1.01409863114841,1.80506510307372
1160,0.184964930324457,1.80659887734053
1161,1.56243719776101,1.80813317694371
1162,4.14028128237946,1.80966800279651
1163,2.12486470142159,1.81120335581289
1164,2.56694648047334,1.8127392369076
1165,0.556130997284217,1.81427564699616
1166,7.56900377040967,1.81581258699485
1167,0.702369293462699,1.81735005782074
1168,0.776807252391383,1.81888806039165
1169,1.08127270455015,1.8204265956262
1170,1.83175114345749,1.82196566444382
1171,1.52106089611901,1.82350526776468
1172,4.1951743406715,1.82504540650978
1173,3.5311436583189,1.82658608160092
1174,0.663231910694872,1.82812729396067
1175,6.67145728882014,1.82966904451243
1176,2.10685223261992,1.8312113341804
1177,2.84649071808975,1.8327541638896
1178,3.93630450772593,1.83429753456587
1179,2.4420342157717,1.83584144713584
1180,1.07636951156537,1.83738590252701
1181,2.4557037293276,1.83893090166766
1182,7.72818042473716,1.84047644548693
1183,2.60920960110306,1.84202253491481
1184,4.2857221048387,1.84356917088208
1185,2.00709358406238,1.84511635432041
1186,11.2343787069601,1.84666408616229
1187,6.87669041086628,1.84821236734108
1188,1.32637834473811,1.84976119879097
1189,3.84337353785062,1.85131058144702
1190,1.26302851548524,1.85286051624517
1191,4.15785956244703,1.85441100412219
1192,2.92638090238079,1.85596204601575
1193,3.06884560382166,1.85751364286438
1194,2.89789336432798,1.85906579560749
1195,1.30902497042221,1.86061850518536
1196,1.61738664716392,1.86217177253918
1197,3.65482107110784,1.86372559861101
1198,1.24340166734378,1.86527998434379
1199,3.62896138259719,1.86683493068139
1200,0.767443378501628,1.86839043856856
1201,2.04057519607999,1.86994650895096
1202,0.882800754557652,1.87150314277514
1203,0.629825476892132,1.87306034098859
1204,1.40206561640324,1.8746181045397
1205,3.01171454229195,1.87617643437778
1206,0.570106978226946,1.87773533145306
1207,0.665136954942464,1.87929479671672
1208,5.2462540677339,1.88085483112084
1209,4.41373676575424,1.88241543561845
1210,4.99495528471144,1.88397661116353
1211,2.60083861302712,1.88553835871097
1212,4.47618395998578,1.88710067921665
1213,0.78385435215946,1.88866357363736
1214,3.53244043366876,1.89022704293088
1215,2.03319790158582,1.89179108805592
1216,2.10887429468537,1.89335570997217
1217,1.62731093744828,1.89492090964028
1218,4.34506784036042,1.89648668802187
1219,2.19874084693543,1.89805304607953
1220,4.89208773306386,1.89961998477684
1221,3.180337560157,1.90118750507835
1222,3.78423690086745,1.90275560794961
1223,0.512848549576549,1.90432429435714
1224,4.38350114295335,1.90589356526848
1225,4.79576342491135,1.90746342165214
1226,2.5903507921304,1.90903386447765
1227,4.05745904063142,1.91060489471554
1228,3.46172522478297,1.91217651333736
1229,0.909145630556469,1.91374872131565
1230,10.2302437839938,1.91532151962399
1231,1.87123105029501,1.91689490923697
1232,1.92802190742732,1.91846889113022
1233,0.454760042972288,1.92004346628038
1234,2.64599467868014,1.92161863566514
1235,2.50938974997962,1.92319440026321
1236,1.86872068697722,1.92477076105437
1237,5.82155974150874,1.92634771901942
1238,2.61233215669723,1.92792527514022
1239,1.28130365058619,1.92950343039968
1240,1.63334997703157,1.93108218578178
1241,0.655521829936855,1.93266154227154
1242,6.42439717321467,1.93424150085508
1243,0.637539026663532,1.93582206251954
1244,1.42729374427112,1.93740322825318
1245,0.830276259783603,1.93898499904533
1246,2.14804177023996,1.94056737588637
1247,4.78944560107077,1.94215035976781
1248,1.15506375436649,1.94373395168222
1249,3.93921964679877,1.94531815262328
1250,6.82747631749465,1.94690296358577
1251,2.32080037631205,1.94848838556555
1252,4.08300733912436,1.95007441955961
1253,2.31069846757254,1.95166106656606
1254,2.85017403466726,1.95324832758408
1255,0.426554169366956,1.95483620361403
1256,0.932005425159793,1.95642469565734
1257,2.37424025713629,1.95801380471659
1258,4.11603190493348,1.9596035317955
1259,0.946872104146794,1.96119387789892
1260,5.59914268471329,1.96278484403283
1261,3.5154688051572,1.96437643120436
1262,4.14180036544064,1.9659686404218
1263,2.39910928513689,1.96756147269456
1264,6.59369433634994,1.96915492903325
1265,2.85365850196551,1.97074901044961
1266,1.13813176356714,1.97234371795656
1267,0.78618034747156,1.97393905256817
1268,3.34170628581231,1.97553501529971
1269,0.904424359445608,1.97713160716761
1270,1.59778526628413,1.9787288291895
1271,1.40078000462552,1.98032668238416
1272,9.77325380121697,1.98192516777159
1273,3.15874915470409,1.98352428637299
1274,2.77122584251173,1.98512403921073
1275,4.04323118165713,1.98672442730841
1276,3.23985899729361,1.98832545169083
1277,2.20136756352811,1.98992711338399
1278,2.95855775621469,1.99152941341513
1279,0.215054940874056,1.99313235281267
1280,2.38899364790417,1.9947359326063
1281,4.59135382662524,1.99634015382692
1282,9.48490454752004,1.99794501750664
1283,10.2287600906636,1.99955052467886
1284,2.58231424167012,2.00115667637816
1285,3.56056212150458,2.00276347364041
1286,0.479574098127957,2.00437091750274
1287,3.8714230016824,2.00597900900348
1288,2.78758852460009,2.00758774918226
1289,3.51951422050724,2.00919713907999
1290,2.14439192171964,2.01080717973878
1291,2.27115610851181,2.01241787220208
1292,2.52090766126702,2.0140292175146
1293,1.78879254345012,2.01564121672231
1294,12.6541693755789,2.01725387087248
1295,0.729322815066688,2.01886718101367
1296,3.69788131978686,2.02048114819574
1297,1.54598636291693,2.02209577346984
1298,5.19753105773703,2.02371105788842
1299,1.88987110600742,2.02532700250525
1300,3.15834868450022,2.02694360837539
1301,3.05876997801519,2.02856087655524
1302,5.22576948610669,2.03017880810254
1303,2.32863386011895,2.03179740407627
1304,4.26875044018434,2.03341666553684
1305,0.883743196452565,2.03503659354595
1306,3.42363437794586,2.03665718916663
1307,4.55799300268786,2.03827845346326
1308,2.03256357381047,2.03990038750161
1309,3.74471875816864,2.04152299234871
1310,10.1693924187914,2.04314626907304
1311,0.79827933133738,2.04477021874441
1312,1.6430545989569,2.04639484243396
1313,2.68205684859725,2.04802014121426
1314,1.70691674647816,2.04964611615921
1315,2.21457910226153,2.05127276834412
1316,1.77828605809891,2.05290009884565
1317,2.98642627003519,2.05452810874189
1318,1.68935508426294,2.0561567991123
1319,4.80869468193519,2.05778617103775
1320,6.53192563886321,2.05941622560049
1321,2.82201680659461,2.0610469638842
1322,0.305121220739885,2.06267838697397
1323,1.53604518943373,2.06431049595629
1324,5.21798178321308,2.06594329191911
1325,2.28466070605275,2.06757677595175
1326,8.92008314969877,2.06921094914501
1327,2.86370026872036,2.07084581259111
1328,7.70053701768038,2.07248136738369
1329,5.62039207250118,2.07411761461787
1330,1.64921953880565,2.07575455539019
1331,3.34378495263553,2.07739219079866
1332,2.91922994076245,2.07903052194276
1333,1.47225700606414,2.0806695499234
1334,1.36063551272634,2.08230927584301
1335,3.35105572880715,2.08394970080543
1336,2.38831540993123,2.08559082591603
1337,3.12159544828541,2.08723265228162
1338,5.14227721056638,2.08887518101055
1339,1.32955663963968,2.09051841321262
1340,1.90378302384449,2.09216234999917
1341,0.0331472719964854,2.09380699248298
1342,1.2243280787265,2.0954523417784
1343,2.86120781158579,2.09709839900124
1344,4.00079526467953,2.09874516526887
1345,2.78172405511518,2.10039264170017
1346,4.04091151038215,2.10204082941552
1347,2.73088171107207,2.10368972953687
1348,1.68562272671022,2.10533934318767
1349,7.67130812315384,2.10698967149295
1350,5.65921601375645,2.10864071557927
1351,1.18887005739842,2.11029247657473
1352,2.16794561563991,2.11194495560898
1353,3.61447145046728,2.11359815381326
1354,3.21119546474816,2.11525207232039
1355,1.98265330406528,2.11690671226469
1356,3.4128092385003,2.11856207478212
1357,2.57146153861232,2.1202181610102
1358,1.58246547481061,2.12187497208805
1359,0.562231906307509,2.12353250915634
1360,2.42225610472295,2.12519077335741
1361,1.01021487126764,2.12684976583512
1362,1.75206823622491,2.12850948773499
1363,0.455517287893498,2.13016994020413
1364,2.76171158134468,2.13183112439128
1365,1.50505885882194,2.13349304144678
1366,0.235022995140144,2.13515569252264
1367,0.754292920015557,2.13681907877244
1368,4.23020197952496,2.13848320135146
1369,11.8092990200013,2.14014806141657
1370,1.12565161421043,2.14181366012633
1371,2.42225610472295,2.14347999864091
1372,9.04970737402549,2.14514707812218
1373,2.04316085383849,2.14681489973365
1374,2.54189369400185,2.1484834646405
1375,0.843569017788265,2.15015277400959
1376,1.69753240230217,2.15182282900945
1377,3.97288287897837,2.15349363081031
1378,2.8805202443816,2.15516518058406
1379,0.386281944409333,2.15683747950432
1380,1.55362621646675,2.15851052874639
1381,1.12677613439755,2.16018432948727
1382,2.65393689499703,2.16185888290568
1383,0.544743987691303,2.16353419018206
1384,1.93420590981242,2.16521025249857
1385,9.85631353581321,2.16688707103907
1386,1.75262097015499,2.16856464698919
1387,2.27766708405907,2.17024298153628
1388,2.19386992627983,2.17192207586943
1389,1.98386724119086,2.17360193117949
1390,1.12460468759675,2.17528254865904
1391,8.12260832354746,2.17696392950246
1392,0.524029595634998,2.17864607490582
1393,1.20019674172355,2.18032898606706
1394,3.02223938068002,2.18201266418581
1395,4.83820688120471,2.18369711046352
1396,5.32505212774666,2.18538232610344
1397,1.77828605809891,2.18706831231056
1398,2.17786677682693,2.18875507029172
1399,2.01821447782502,2.19044260125554
1400,3.85093667805952,2.19213090641244
1401,2.83223680603019,2.19381998697467
1402,6.11889038795382,2.19550984415629
1403,0.0842324940553837,2.19720047917319
1404,4.46359484397732,2.19889189324309
1405,3.82440706891592,2.20058408758555
1406,3.36340801278489,2.20227706342196
1407,0.535342069512017,2.20397082197557
1408,4.09887029218659,2.20566536447147
1409,1.01421247104833,2.20736069213663
1410,1.20832396630761,2.20905680619986
1411,3.55194066630615,2.21075370789185
1412,1.49475897921583,2.21245139844518
1413,1.66076070996499,2.21414987909429
1414,5.00879640898112,2.21584915107552
1415,5.14749201991178,2.21754921562709
1416,2.29498614871087,2.21925007398915
1417,0.369214493784047,2.22095172740373
1418,8.93191725624214,2.22265417711477
1419,5.72734022558651,2.22435742436814
1420,18.9660541054023,2.22606147041161
1421,2.1565945220313,2.22776631649488
1422,3.52769960743878,2.22947196386963
1423,3.25944017817249,2.23117841378943
1424,1.10855400774261,2.23288566750982
1425,0.402475365480971,2.23459372628828
1426,1.2888716428797,2.23630259138425
1427,3.67454538755799,2.23801226405913
1428,2.43352976054373,2.23972274557631
1429,0.900638267041466,2.24143403720113
1430,3.42405608999087,2.24314614020092
1431,2.90729301784728,2.24485905584501
1432,0.836951361301409,2.24657278540471
1433,0.175955211963997,2.24828733015334
1434,1.15681244395303,2.25000269136621
1435,1.68802585754547,2.25171887032065
1436,2.58720054309111,2.25343586829602
1437,1.47352414756085,2.25515368657369
1438,2.09173158444495,2.25687232643706
1439,2.02647746332518,2.25859178917157
1440,1.7316579568199,2.26031207606471
1441,2.13382947244678,2.262033188406
1442,0.964594683616463,2.26375512748704
1443,2.39828256995226,2.26547789460148
1444,1.39604684106953,2.26720149104501
1445,2.02738596172245,2.26892591811544
1446,4.81848274862594,2.27065117711264
1447,2.33375168030229,2.27237726933856
1448,1.54903374523411,2.27410419609723
1449,1.46267538574479,2.27583195869482
1450,2.67107164179355,2.27756055843957
1451,1.85231386958859,2.27928999664185
1452,1.96512301874185,2.28102027461412
1453,2.78305447954689,2.28275139367101
1454,2.81633475198774,2.28448335512924
1455,1.49057322905597,2.28621616030769
1456,2.18680192967439,2.28794981052737
1457,1.23143790126287,2.28968430711145
1458,2.91470794667712,2.29141965138524
1459,1.44978548117625,2.29315584467623
1460,2.45525552594504,2.29489288831409
1461,3.79367374057065,2.29663078363063
1462,10.2293129535534,2.29836953195987
1463,2.80249023629252,2.30010913463801
1464,6.18651724037951,2.30184959300344
1465,6.05421273691219,2.30359090839678
1466,1.59888209153506,2.30533308216083
1467,3.60811344272114,2.3070761156406
1468,3.20768608368868,2.30882001018335
1469,3.19736273012615,2.31056476713856
1470,5.81589349633736,2.31231038785792
1471,1.39074034065401,2.3140568736954
1472,3.8714230016824,2.31580422600719
1473,0.304383633461349,2.31755244615175
1474,3.98737549622473,2.31930153548981
1475,2.44304139248871,2.32105149538435
1476,1.72257373371099,2.32280232720064
1477,24.6452868493447,2.32455403230621
1478,1.36464959479791,2.32630661207094
1479,2.3180555371059,2.32806006786692
1480,2.5507624955622,2.32981440106861
1481,3.92716079523665,2.33156961305276
1482,2.35944838682388,2.33332570519843
1483,3.60811344272114,2.335082678887
1484,8.6152039223225,2.33684053550222
1485,4.31989353318755,2.33859927643013
1486,4.81374380936799,2.34035890305915
1487,1.2037427331271,2.34211941678002
1488,4.73866028874026,2.34388081898586
1489,6.71876300720933,2.34564311107217
1490,0.920435319248032,2.34740629443679
1491,1.66351041918688,2.34917037047998
1492,2.29974377863536,2.35093534060435
1493,0.433982174747515,2.35270120621492
1494,4.89457883074352,2.35446796871912
1495,3.00574741902008,2.35623562952679
1496,2.41913404698655,2.35800419005016
1497,2.02042614210387,2.35977365170392
1498,2.00563165338298,2.36154401590517
1499,3.42564599524242,2.36331528407346
1500,2.334333771673,2.36508745763076
1501,2.1165070122796,2.36686053800153
1502,2.02647746332518,2.36863452661266
1503,0.973485241357674,2.37040942489354
1504,0.438928847586048,2.372185234276
1505,3.64489991240268,2.37396195619437
1506,5.07835808901178,2.37573959208547
1507,0.889198898059647,2.37751814338861
1508,2.83311565509782,2.37929761154563
1509,7.26954976042624,2.38107799800083
1510,3.97448158981704,2.3828593042011
1511,3.6547460884617,2.3846415315958
1512,3.57954497288846,2.38642468163685
1513,1.62396980922356,2.38820875577871
1514,1.77095385524211,2.38999375547838
1515,1.64388983551912,2.39177968219545
1516,3.42658584757611,2.39356653739204
1517,4.02982362290523,2.39535432253285
1518,2.65775508904841,2.39714303908518
1519,2.27967023170672,2.3989326885189
1520,0.0647471257901214,2.4007232723065
1521,5.6868558744209,2.40251479192303
1522,3.9671657751715,2.40430724884619
1523,1.53831596838816,2.40610064455631
1524,0.311954950982543,2.40789498053631
1525,0.600984284244076,2.40969025827175
1526,1.89592532603414,2.41148647925088
1527,2.61766432729323,2.41328364496456
1528,7.1954657467961,2.41508175690631
1529,1.53041069769451,2.41688081657233
1530,1.89466396577318,2.4186808254615
1531,0.908912509127101,2.42048178507536
1532,2.17786677682693,2.42228369691818
1533,3.48658128639936,2.42408656249689
1534,1.74076260855187,2.42589038332115
1535,2.9740073204543,2.42769516090334
1536,2.4524847264427,2.42950089675855
1537,2.81772857953279,2.4313075924046
1538,0.925644282088009,2.43311524936207
1539,0.406824368093947,2.43492386915428
1540,4.27498750203386,2.43673345330729
1541,1.93595818505849,2.43854400334996
1542,1.9850623021031,2.44035552081389
1543,2.4651755069749,2.44216800723348
1544,5.33797183684598,2.44398146414593
1545,0.689117420173035,2.4457958930912
1546,4.6865970923214,2.44761129561209
1547,1.81200629241531,2.44942767325423
1548,3.38770018698014,2.45124502756603
1549,2.32016122103098,2.45306336009875
1550,1.1973510294069,2.45488267240652
1551,0.575459830329676,2.45670296604626
1552,3.76006157299277,2.45852424257783
1553,0.734968143200706,2.46034650356388
1554,10.316706055649,2.46216975056997
1555,2.03882084231436,2.46399398516456
1556,4.26613487742351,2.46581920891895
1557,0.804536446474416,2.46764542340741
1558,5.13787435102657,2.46947263020706
1559,2.15272497088477,2.47130083089797
1560,1.31813511418209,2.47313002706315
1561,3.80327500117393,2.47496022028851
1562,5.13759162029475,2.47679141216293
1563,1.92577295626065,2.47862360427825
1564,0.446220302298465,2.48045679822925
1565,6.01450077070295,2.4822909956137
1566,13.7613149731305,2.48412619803235
1567,1.72871137965259,2.48596240708893
1568,4.18398428458547,2.48779962439019
1569,3.10723990346546,2.48963785154586
1570,1.51543823339741,2.49147709016871
1571,0.40491257911853,2.49331734187454
1572,0.827994875043047,2.49515860828215
1573,2.28528915560944,2.49700089101343
1574,1.30761889442955,2.4988441916933
1575,3.02308454756258,2.50068851194974
1576,0.410912562318817,2.50253385341382
1577,0.852087656197422,2.50438021771969
1578,2.23471392802188,2.50622760650456
1579,5.46470955587856,2.50807602140879
1580,0.0315292346917419,2.50992546407581
1581,1.24340166734378,2.51177593615219
1582,6.35151132272354,2.51362743928762
1583,3.77665665684213,2.51547997513493
1584,4.4712404662558,2.51733354535012
1585,8.81831121193041,2.5191881515923
1586,2.12394890415049,2.52104379552379
1587,2.45935076714951,2.52290047881007
1588,2.08632351795906,2.5247582031198
1589,2.05294546426533,2.52661697012486
1590,2.44679373824232,2.52847678150031
1591,3.77733731194871,2.53033763892445
1592,2.33699336306849,2.53219954407876
1593,3.2438197568693,2.53406249864801
1594,1.41158909734881,2.53592650432019
1595,4.69921351369275,2.53779156278653
1596,1.80876517789635,2.53965767574156
1597,2.49817723890878,2.54152484488306
1598,1.34470958390413,2.5433930719121
1599,1.93769462916995,2.54526235853304
1600,2.91644809207885,2.54713270645356
1601,3.41699617274507,2.54900411738463
1602,3.27203502135711,2.55087659304057
1603,0.199677530491297,2.55275013513902
1604,3.75183948703693,2.55462474540097
1605,0.799217339431147,2.55650042555077
1606,0.430739924779077,2.55837717731612
1607,2.06995932579923,2.56025500242813
1608,6.54225871237557,2.56213390262125
1609,5.50317012024698,2.56401387963336
1610,6.29262019052724,2.56589493520573
1611,2.78048780738359,2.56777707108306
1612,1.75949681289124,2.56966028901348
1613,3.57336183261814,2.57154459074853
1614,6.80921834555974,2.57342997804325
1615,3.14180676873301,2.57531645265609
1616,2.2388877298676,2.57720401634898
1617,0.440220903122998,2.57909267088736
1618,1.47374571108022,2.58098241804013
1619,1.27069773154442,2.58287325957972
1620,8.73448262334326,2.58476519728203
1621,3.37386349662311,2.58665823292654
1622,0.910782438833781,2.58855236829621
1623,1.34950038975486,2.59044760517759
1624,2.14644018968368,2.59234394536075
1625,2.34678017694753,2.59424139063936
1626,2.2926552795761,2.59613994281065
1627,0.716546855931475,2.59803960367543
1628,3.2126255194866,2.59994037503812
1629,0.760938097289716,2.60184225870677
1630,2.82861375701398,2.60374525649302
1631,6.57813930513174,2.60564937021217
1632,0.394355299599933,2.60755460168315
1633,2.86370026872036,2.60946095272855
1634,3.69607081880876,2.61136842517463
1635,2.04316085383849,2.61327702085131
1636,10.8097621641302,2.61518674159225
1637,2.19126168951258,2.61709758923474
1638,6.82732382160845,2.61900956561985
1639,3.27668713914855,2.62092267259232
1640,2.50554687142949,2.62283691200068
1641,4.15785956244703,2.62475228569715
1642,2.8009677769422,2.62666879553775
1643,2.36573288150614,2.62858644338226
1644,2.05950857426017,2.63050523109424
1645,3.46892409511288,2.63242516054104
1646,0.293846700355693,2.63434623359383
1647,2.38748745752771,2.63626845212758
1648,2.35225003112069,2.6381918180211
1649,0.666357626035869,2.64011633315703
1650,2.05684349164082,2.64204199942189
1651,0.546982966615583,2.64396881870604
1652,1.40481844102992,2.64589679290372
1653,3.29045377749976,2.64782592391308
1654,0.86875265300451,2.64975621363614
1655,3.24236710854757,2.65168766397886
1656,2.21524004742873,2.65362027685111
1657,2.46961492006699,2.65555405416671
1658,1.11878957301087,2.65748899784343
1659,2.62318926553541,2.65942510980298
1660,2.34988412478109,2.66136239197108
1661,3.20772564840786,2.66330084627741
1662,1.44303639886773,2.66524047465566
1663,2.74072432510858,2.66718127904354
1664,3.83721020862817,2.66912326138277
1665,1.91571679781678,2.67106642361912
1666,8.2633070933045,2.67301076770241
1667,0.133782174820637,2.67495629558651
1668,1.95077121767268,2.67690300922938
1669,2.65832370560444,2.67885091059305
1670,1.18676592594339,2.68080000164369
1671,9.77097974428519,2.68275028435153
1672,5.25786290020586,2.68470176069097
1673,2.80298925209398,2.68665443264054
1674,2.01883723919553,2.68860830218291
1675,1.26493428147394,2.69056337130492
1676,5.75821835739151,2.69251964199761
1677,2.63107203555558,2.69447711625618
1678,1.88022282057751,2.69643579608007
1679,0.304383633461349,2.6983956834729
1680,5.66919194537923,2.70035678044255
1681,1.25291667886855,2.70231908900114
1682,6.14259461168338,2.70428261116505
1683,2.80613282086782,2.70624734895492
1684,5.01696169903597,2.70821330439569
1685,2.84133526379582,2.7101804795166
1686,0.598552668329939,2.7121488763512
1687,10.54054290136,2.71411849693734
1688,3.18138394692469,2.71608934331727
1689,1.69131411453011,2.71806141753752
1690,2.57695366473673,2.72003472164906
1691,2.53896528970934,2.72200925770718
1692,1.75912957074484,2.72398502777162
1693,2.51276566677639,2.72596203390648
1694,6.17127222532247,2.72794027818031
1695,1.35727167079292,2.72991976266611
1696,2.95890955106695,2.7319004894413
1697,4.00012221789274,2.73388246058778
1698,3.01445433649586,2.73586567819194
1699,1.03428625724132,2.73785014434465
1700,3.15740396634859,2.73983586114129
1701,0.359463224605703,2.74182283068178
1702,2.36573288150614,2.74381105507056
1703,1.23519156435501,2.74580053641662
1704,2.71857147449814,2.74779127683352
1705,2.82288256977724,2.74978327843941
1706,4.71254730236887,2.75177654335704
1707,2.98087653028992,2.75377107371374
1708,0.165728303347663,2.75576687164149
1709,0.595547865411244,2.75776393927691
1710,2.03969835201992,2.75976227876127
1711,1.2888716428797,2.7617618922405
1712,2.17184036634636,2.76376278186523
1713,2.52971101156011,2.76576494979079
1714,1.10615507958624,2.7677683981772
1715,3.17916675909899,2.76977312918924
1716,1.57642505154762,2.77177914499641
1717,2.49454003336866,2.77378644777301
1718,3.5551277650327,2.77579503969806
1719,4.76518665150328,2.77780492295541
1720,1.22336915693639,2.77981609973371
1721,2.15777820957645,2.78182857222643
1722,0.549004175668763,2.78384234263186
1723,1.57633666179821,2.78585741315318
1724,3.00298579914183,2.7878737859984
1725,4.15950896766437,2.78989146338044
1726,7.36241749950365,2.79191044751711
1727,0.887713392359773,2.79393074063114
1728,3.58465351423384,2.79595234495019
1729,3.82440706891592,2.79797526270687
1730,2.33307863181398,2.79999949613874
1731,0.909763794417418,2.80202504748838
1732,1.35429825631474,2.80405191900331
1733,0.936187632606033,2.8060801129361
1734,4.02526030571002,2.80810963154435
1735,1.36589769313716,2.81014047709069
1736,2.60152682168941,2.81217265184281
1737,0.909870737741618,2.81420615807349
1738,4.34388299679714,2.8162409980606
1739,2.40585245186103,2.81827717408712
1740,0.289303871227633,2.82031468844116
1741,1.41347629229415,2.82235354341597
1742,1.64633022629607,2.82439374130997
1743,2.2077307511956,2.82643528442675
1744,1.9109370554874,2.82847817507509
1745,1.60308107337956,2.830522415569
1746,0.461099918543673,2.83256800822769
1747,2.16343592017989,2.83461495537566
1748,2.28744029525086,2.83666325934264
1749,3.28084005662922,2.83871292246364
1750,1.3280900487771,2.84076394707898
1751,5.44874276390429,2.8428163355343
1752,3.91240359670528,2.84487009018057
1753,5.83765646784447,2.84692521337408
1754,10.4413357427419,2.84898170747654
1755,0.954528112190185,2.85103957485501
1756,3.16364953382345,2.85309881788196
1757,4.07954652014377,2.85515943893529
1758,5.56597861441041,2.85722144039832
1759,3.19963291758602,2.85928482465985
1760,2.08164091652561,2.86134959411416
1761,0.973898355265922,2.86341575116098
1762,0.570106978226946,2.86548329820559
1763,1.89857965222247,2.8675522376588
1764,0.61245975964423,2.86962257193694
1765,0.938381513691158,2.87169430346193
1766,0.910924837851118,2.87376743466127
1767,2.93350081466222,2.87584196796806
1768,10.8046619960417,2.87791790582102
1769,0.65170758778583,2.8799952506645
1770,6.96823268590629,2.88207400494855
1771,0.90330608026243,2.88415417112884
1772,5.2684458969682,2.88623575166679
1773,3.45112485032701,2.8883187490295
1774,4.86170023609246,2.89040316568981
1775,3.42921051925859,2.89248900412634
1776,2.696985363501,2.89457626682345
1777,2.10305606613382,2.89666495627131
1778,1.01387626069335,2.8987550749659
1779,0.902096526873411,2.90084662540903
1780,0.0496376127812489,2.90293961010835
1781,3.47906979458274,2.90503403157741
1782,3.79063285169647,2.90712989233561
1783,1.15518977171175,2.90922719490829
1784,2.67481199059799,2.91132594182671
1785,2.25144692953271,2.91342613562807
1786,9.28235955276867,2.91552777885556
1787,4.81798458447683,2.91763087405834
1788,7.81680406409185,2.9197354237916
1789,4.18659716168587,2.92184143061653
1790,0.438534722233816,2.92394889710039
1791,3.54968413942696,2.92605782581652
1792,4.28522610352187,2.92816821934433
1793,3.22173283040537,2.93028008026934
1794,1.67633118432623,2.93239341118323
1795,2.66914949391885,2.93450821468381
1796,4.91231780137013,2.93662449337506
1797,0.851717229084242,2.93874224986718
1798,7.28283406779937,2.94086148677655
1799,4.98110488692175,2.94298220672582
1800,0.668706606423989,2.94510441234388
1801,3.11306107873507,2.9472281062659
1802,2.19609573039977,2.94935329113335
1803,2.53802369757074,2.95147996959403
1804,1.42309719240148,2.95360814430208
1805,0.708581000703245,2.95573781791801
1806,3.14180676873301,2.95786899310868
1807,5.2736983675459,2.96000167254741
1808,2.38642999475634,2.96213585891392
1809,1.04810417114029,2.9642715548944
1810,2.6453630273942,2.9664087631815
1811,0.950008080223579,2.96854748647436
1812,3.16079550656173,2.97068772747866
1813,0.362722465480946,2.9728294889066
1814,2.91030280996653,2.97497277347696
1815,4.78004752794279,2.97711758391509
1816,2.02643078695462,2.97926392295297
1817,1.35282880247651,2.98141179332918
1818,2.27434584808803,2.98356119778899
1819,0.365290121320831,2.98571213908431
1820,4.77531842538049,2.98786461997378
1821,0.038510250102013,2.99001864322274
1822,0.553505620962656,2.9921742116033
1823,1.99853669989965,2.99433132789431
1824,3.56360600739696,2.99648999488143
1825,1.82921244066607,2.99865021535714
1826,2.7239003141313,3.00081199212075
1827,1.37797692872717,3.00297532797843
1828,3.66385961559724,3.00514022574325
1829,8.71588533077072,3.00730668823517
1830,19.1062115663581,3.00947471828112
1831,1.87437300714264,3.01164431871494
1832,1.48491942511132,3.0138154923775
1833,4.0910818019741,3.01598824211666
1834,8.70194850788463,3.01816257078728
1835,1.36729407439631,3.02033848125133
1836,2.15594105160399,3.02251597637782
1837,1.84521599252795,3.02469505904288
1838,0.730794511222161,3.02687573212978
1839,2.00416079950402,3.02905799852893
1840,3.92292384091406,3.03124186113791
1841,2.4652554643732,3.03342732286153
1842,0.906374656061625,3.03561438661182
1843,1.95234300110425,3.03780305530806
1844,0.926729134774143,3.03999333187682
1845,4.70608185032876,3.04218521925196
1846,2.28868123229689,3.04437872037469
1847,2.30744626734464,3.04657383819357
1848,3.01457749436654,3.04877057566455
1849,11.2483754508851,3.05096893575098
1850,2.59953932808145,3.05316892142364
1851,3.55733548825923,3.05537053566079
1852,2.23099058632154,3.05757378144816
1853,2.43169790977556,3.05977866177902
1854,1.9480979622603,3.06198517965415
1855,1.46893464155867,3.06419333808191
1856,2.87578283683138,3.06640314007827
1857,3.24290559664284,3.06861458866679
1858,0.595804424586037,3.07082768687871
1859,3.80238149274791,3.07304243775292
1860,1.32260515743711,3.07525884433603
1861,1.60729994644112,3.07747690968238
1862,0.449509895847594,3.07969663685404
1863,1.06496960831292,3.0819180289209
1864,1.3287624792262,3.08414108896065
1865,2.73523330044732,3.08636582005881
1866,2.11065900033024,3.08859222530877
1867,2.87820981998788,3.09082030781184
1868,3.87562244062091,3.09305007067723
1869,0.764748598627634,3.09528151702211
1870,2.01883723919553,3.09751464997163
1871,2.35973810492479,3.09974947265896
1872,2.95092481172838,3.10198598822528
1873,4.23703613598791,3.10422419981988
1874,3.48690339799272,3.1064641106001
1875,0.660858276382231,3.10870572373146
1876,8.8010181554247,3.11094904238757
1877,2.03614230943454,3.11319406975027
1878,1.0287297593119,3.11544080900961
1879,2.43877344631874,3.11768926336386
1880,4.21242762833404,3.11993943601958
1881,4.8118261294293,3.12219133019163
1882,2.88087759331265,3.1244449491032
1883,8.3543284101783,3.12670029598583
1884,4.8958399137176,3.12895737407948
1885,2.7786971094083,3.13121618663251
1886,1.73751050101463,3.13347673690174
1887,1.40422073988615,3.13573902815248
1888,1.42703016170635,3.13800306365855
1889,2.29780615503146,3.14026884670232
1890,2.59876991454659,3.14253638057472
1891,2.6565570899907,3.14480566857531
1892,4.53666389679144,3.14707671401228
1893,3.68029334475189,3.14934952020249
1894,2.6270283295498,3.1516240904715
1895,1.36396925972058,3.1539004281536
1896,4.80515884680046,3.15617853659188
1897,1.04804903505724,3.15845841913817
1898,3.18078735101036,3.16074007915318
1899,2.53547855409239,3.16302352000646
1900,3.2993796123733,3.16530874507646
1901,0.900913600539442,3.16759575775056
1902,1.56286277593048,3.16988456142508
1903,1.78264801474611,3.17217515950537
1904,2.477666905233,3.17446755540577
1905,1.89598282269421,3.17676175254971
1906,2.73022438341811,3.17905775436969
1907,1.34411154754252,3.18135556430735
1908,4.18497991121355,3.18365518581348
1909,0.979080071010078,3.18595662234808
1910,1.05674075964177,3.18825987738035
1911,1.89598282269421,3.19056495438878
1912,3.00574741902008,3.19287185686114
1913,0.418998138250529,3.19518058829454
1914,2.7416731110257,3.19749115219545
1915,3.0994323870724,3.19980355207973
1916,1.54720614699313,3.20211779147269
1917,2.80674620464936,3.20443387390912
1918,4.13076334798814,3.20675180293328
1919,1.69474550220111,3.20907158209899
1920,4.27600986956659,3.21139321496967
1921,2.90119248562341,3.2137167051183
1922,0.10937082707463,3.21604205612755
1923,2.94100916604504,3.21836927158976
1924,1.84980678842321,3.22069835510699
1925,2.5319968768879,3.22302931029104
1926,0.757078129425631,3.22536214076354
1927,0.794882576977424,3.22769685015591
1928,5.27042132228827,3.23003344210946
1929,1.27936156428796,3.2323719202754
1930,2.33266507051811,3.23471228831487
1931,2.66679634942237,3.237054549899
1932,0.99576094473576,3.23939870870893
1933,4.35327712659896,3.24174476843585
1934,1.26137507730023,3.24409273278106
1935,1.41163975806916,3.24644260545596
1936,4.6880720353245,3.24879439018213
1937,2.89447951231513,3.25114809069136
1938,1.93491128022457,3.25350371072569
1939,5.66958132040027,3.25586125403743
1940,0.155846935566916,3.25822072438922
1941,2.31858327795937,3.26058212555405
1942,3.16079550656173,3.26294546131533
1943,2.80298925209398,3.2653107354669
1944,2.89196094647993,3.26767795181308
1945,3.47311474806667,3.27004711416871
1946,7.0393989321777,3.27241822635919
1947,4.95484433915387,3.27479129222051
1948,0.359091081900677,3.27716631559934
1949,2.24247913824787,3.27954330035297
1950,1.21935015195284,3.28192225034947
1951,0.574654633107386,3.28430316946764
1952,2.74568305247532,3.28668606159709
1953,1.39718589348373,3.28907093063829
1954,3.56143327839893,3.29145778050258
1955,2.62665573556227,3.29384661511224
1956,1.06831478848207,3.29623743840051
1957,2.24206157957972,3.29863025431166
1958,3.9124093655414,3.30102506680101
1959,1.07536965724976,3.30342187983498
1960,0.676684315966905,3.30582069739112
1961,2.13442565047029,3.30822152345818
1962,16.25711271476,3.31062436203613
1963,2.55502162858961,3.31302921713621
1964,1.74348849206587,3.31543609278099
1965,2.31785362942569,3.31784499300437
1966,2.99506484852231,3.32025592185169
1967,3.75695919863046,3.3226688833797
1968,2.27432754359474,3.32508388165667
1969,1.86498745489839,3.32750092076239
1970,2.45121809795168,3.32992000478825
1971,2.43240802166224,3.33234113783723
1972,2.61606090601089,3.33476432402403
1973,2.49454003336866,3.33718956747503
1974,3.40604140939088,3.3396168723284
1975,3.48718624183117,3.3420462427341
1976,2.70544810980833,3.34447768285394
1977,0.844614991486117,3.34691119686166
1978,5.98624552819936,3.34934678894294
1979,0.357965681590323,3.35178446329543
1980,1.80072018588071,3.35422422412885
1981,2.0044796694863,3.356666075665
1982,1.97261437365494,3.35911002213783
1983,2.91169672517809,3.36155606779345
1984,1.6825102595149,3.36400421689024
1985,8.95462992749032,3.36645447369883
1986,15.823937693916,3.36890684250219
1987,1.19261690514704,3.37136132759568
1988,5.38365873640227,3.37381793328708
1989,1.18399182627626,3.37627666389664
1990,2.08565022829896,3.37873752375716
1991,1.74258063118758,3.38120051721401
1992,1.21609520293605,3.38366564862515
1993,1.26575863287386,3.38613292236128
1994,3.08977128461568,3.38860234280577
1995,3.22612171754914,3.39107391435482
1996,3.8930842290207,3.39354764141741
1997,0.374761909731909,3.39602352841545
1998,1.41163975806916,3.39850157978373
1999,0.964778646759893,3.40098179997008
2000,4.09089733221944,3.40346419343532
2001,2.03569621321519,3.40594876465337
2002,0.922603512430497,3.40843551811132
2003,2.54008253895159,3.41092445830941
2004,1.35171417507681,3.41341558976116
2005,8.50723179818281,3.41590891699337
2006,3.81515802550453,3.41840444454621
2007,0.88366504860083,3.42090217697325
2008,2.72824641264855,3.42340211884151
2009,1.2922329091461,3.42590427473155
2010,1.27564255562732,3.42840864923747
2011,2.24158875851579,3.43091524696703
2012,1.39053918228551,3.43342407254166
2013,2.90729301784728,3.4359351305965
2014,0.894976144088777,3.43844842578053
2015,0.844569778980898,3.44096396275652
2016,0.553505620962656,3.44348174620121
2017,1.19104555003258,3.44600178080524
2018,2.45584875782977,3.44852407127331
2019,3.3439339401994,3.45104862232418
2020,9.01701072533255,3.45357543869075
2021,2.05301315588574,3.45610452512009
2022,0.811806205654515,3.45863588637355
2023,12.3352162613516,3.46116952722675
2024,0.499729324983651,3.46370545246972
2025,5.27224415789983,3.46624366690688
2026,1.42460989845464,3.46878417535715
2027,8.92391810049887,3.47132698265398
2028,1.20322142418558,3.47387209364545
2029,1.65428209362649,3.47641951319426
2030,1.49522966590008,3.47896924617789
2031,1.56461852567478,3.48152129748856
2032,5.42454483002339,3.48407567203335
2033,3.64163415260819,3.48663237473426
2034,3.05861107724912,3.48919141052823
2035,10.4316761829248,3.49175278436727
2036,2.98522210183846,3.49431650121845
2037,3.18045935082553,3.49688256606402
2038,1.25440477942053,3.49945098390143
2039,17.5264703800289,3.50202175974343
2040,3.56896519468062,3.5045948986181
2041,1.00639829361135,3.50717040556895
2042,2.80460697367066,3.50974828565495
2043,3.10576414962193,3.51232854395061
2044,1.45443967029188,3.51491118554604
2045,2.07270663245895,3.51749621554705
2046,4.3666282227551,3.52008363907514
2047,2.62522200194986,3.52267346126765
2048,4.18771017500732,3.52526568727777
2049,2.42246691642563,3.52786032227463
2050,2.01519677231567,3.53045737144336
2051,3.73305181614348,3.53305683998514
2052,2.33589608017532,3.53565873311733
2053,1.24340166734378,3.53826305607346
2054,3.14131868763124,3.54086981410334
2055,6.71225473588558,3.54347901247313
2056,2.41344867387131,3.54609065646541
2057,5.68690013694584,3.54870475137921
2058,0.802286367514056,3.55132130253015
2059,2.44795794886997,3.55394031525044
2060,7.21867651748245,3.55656179488899
2061,2.03450920028907,3.55918574681148
2062,4.34621589059178,3.56181217640044
2063,1.75826968555039,3.56444108905527
2064,3.26840050711247,3.56707249019238
2065,3.88119089298168,3.5697063852452
2066,3.80756533068385,3.57234277966433
2067,1.49599230249798,3.57498167891751
2068,2.60455548349307,3.57762308848981
2069,1.26950004711732,3.5802670138836
2070,3.26755673293359,3.58291346061869
2071,2.18728930978312,3.58556243423239
2072,0.284771545335079,3.58821394027956
2073,1.51202791200423,3.59086798433273
2074,3.38217592620688,3.59352457198215
2075,2.02040582349265,3.59618370883583
2076,0.927244096687706,3.59884540051972
2077,2.95289644849836,3.60150965267766
2078,3.32258570632687,3.60417647097156
2079,0.838055461580727,3.60684586108143
2080,1.55050774354905,3.60951782870548
2081,1.61644912227694,3.61219237956014
2082,3.56595091630475,3.61486951938025
2083,2.47739734510639,3.61754925391903
2084,0.875235904917026,3.62023158894823
2085,1.16269484912806,3.62291653025817
2086,1.25440477942053,3.62560408365786
2087,1.90559181262975,3.62829425497505
2088,0.867645230498073,3.6309870500563
2089,8.07121893640809,3.63368247476713
2090,0.131471124144756,3.63638053499203
2091,7.7616149940219,3.63908123663456
2092,3.92654537598266,3.64178458561748
2093,3.32711957273643,3.64449058788277
2094,1.61820671114359,3.64719924939176
2095,7.74743384487974,3.6499105761252
2096,15.7070749125497,3.65262457408333
2097,0.500174283511412,3.655341249286
2098,3.92888760170501,3.65806060777274
2099,2.05004654229856,3.66078265560283
2100,4.28051789421945,3.66350739885541
2101,1.55345235772858,3.66623484362957
2102,3.31748129765808,3.66896499604443
2103,3.23613963269882,3.67169786223921
2104,1.59195064807901,3.67443344837337
2105,0.244217749653243,3.67717176062664
2106,0.665007702108226,3.67991280519917
2107,0.658641171378553,3.68265658831156
2108,3.51196963115243,3.68540311620501
2109,4.69671806440767,3.68815239514137
2110,0.474493550289618,3.69090443140325
2111,7.68734737941389,3.69365923129411
2112,0.665257937682409,3.69641680113837
2113,0.33523568379432,3.69917714728147
2114,2.02271550837529,3.70194027608999
2115,2.63129903006465,3.70470619395174
2116,0.8302814369878,3.70747490727586
2117,8.47823490291193,3.71024642249291
2118,3.49395340597496,3.71302074605496
2119,1.34931736155339,3.71579788443571
2120,2.82644693870953,3.71857784413055
2121,3.45846990280352,3.72136063165672
2122,1.26484560228078,3.72414625355334
2123,0.838055461580727,3.72693471638156
2124,1.51855208253374,3.72972602672462
2125,6.50529030876093,3.732520191188
2126,2.68298475882999,3.73531721639947
2127,2.43623991153962,3.73811710900924
2128,0.545616084509174,3.74091987569002
2129,1.47159039784592,3.74372552313716
2130,2.13890363201079,3.7465340580687
2131,1.4523421533067,3.74934548722555
2132,1.20991496931655,3.75215981737153
2133,3.71554971937331,3.75497705529353
2134,3.90120945160732,3.75779720780154
2135,3.29819197403504,3.76062028172885
2136,1.3297016456789,3.76344628393208
2137,2.79064281028195,3.76627522129133
2138,3.94419543769869,3.76910710071028
2139,2.06230483876565,3.7719419291163
2140,1.33240203404745,3.77477971346054
2141,2.30079592220174,3.77762046071808
2142,1.63186550130281,3.780464177888
2143,4.44503027920089,3.78331087199351
2144,2.23299549401618,3.78616055008208
2145,2.00604081387402,3.78901321922552
2146,3.91141383683447,3.79186888652012
2147,1.82410572592768,3.79472755908675
2148,2.71800993969743,3.79758924407097
2149,13.7004712489862,3.80045394864316
2150,0.698463313534772,3.80332167999865
2151,2.25361446183378,3.8061924453578
2152,5.57484716897916,3.80906625196613
2153,0.180722035413365,3.81194310709446
2154,4.22405072783806,3.814823018039
2155,1.01016629432753,3.81770599212151
2156,2.120630124099,3.82059203668936
2157,2.64236256413013,3.82348115911571
2158,1.8195844281134,3.82637336679961
2159,1.93849119628288,3.82926866716609
2160,0.686639027215638,3.83216706766636
2161,5.37751257404689,3.83506857577785
2162,0.765665695828949,3.8379731990044
2163,3.53423465790694,3.84088094487634
2164,2.04853457292054,3.84379182095064
2165,0.844614991486117,3.84670583481105
2166,1.85772996903973,3.84962299406818
2167,3.63401418389427,3.85254330635969
2168,14.6158091869615,3.85546677935037
2169,0.807518735962653,3.8583934207323
2170,1.70734313036714,3.86132323822496
2171,2.95744612837165,3.86425623957539
2172,2.35478326882264,3.86719243255828
2173,2.43063515640809,3.87013182497615
2174,4.85201733945365,3.87307442465946
2175,2.14511325501158,3.87602023946673
2176,1.10238488943313,3.87896927728471
2177,3.90273452503302,3.88192154602851
2178,2.34988412478109,3.88487705364169
2179,3.48415026274052,3.88783580809649
2180,4.88399180721703,3.89079781739386
2181,0.88993692794615,3.8937630895637
2182,3.41762881244232,3.89673163266493
2183,3.50909553829582,3.89970345478567
2184,5.30409074667005,3.90267856404335
2185,2.61797750511744,3.90565696858492
2186,6.10600263225243,3.9086386765869
2187,1.47159138609412,3.9116236962556
2188,4.81614873467191,3.91461203582723
2189,2.05990639459292,3.91760370356807
2190,0.857645172516387,3.92059870777458
2191,1.93736778675864,3.9235970567736
2192,23.3325341454255,3.92659875892246
2193,0.199792871750072,3.92960382260915
2194,2.19126168951258,3.93261225625246
2195,1.23519156435501,3.93562406830214
2196,2.58485660755959,3.93863926723905
2197,2.9690349858815,3.94165786157533
2198,4.77989898559238,3.94467985985452
2199,0.700265268201495,3.94770527065175
2200,1.16309353989498,3.95073410257389
2201,2.67207389283277,3.9537663642597
2202,2.61166653755117,3.95680206437999
2203,2.06771107727026,3.95984121163777
2204,0.0315292346917419,3.96288381476846
2205,2.81077583409603,3.96592988253999
2206,3.40590036663908,3.96897942375299
2207,3.63871159023705,3.97203244724097
2208,0.733953210533449,3.97508896187046
2209,1.71463478494596,3.97814897654118
2210,3.78730802295073,3.98121250018623
2211,5.5494211113235,3.98427954177223
2212,0.216141394205715,3.98735011029951
2213,4.14165865086252,3.99042421480227
2214,1.23193484936057,3.99350186434875
2215,0.938381513691158,3.99658306804141
2216,1.22226394105198,3.99966783501711
2217,2.85924230635926,4.00275617444727
2218,3.9975604986039,4.00584809553804
2219,1.886744281405,4.00894360753051
2220,4.57528531120232,4.01204271970085
2221,3.31500936753885,4.01514544136053
2222,1.89715176387596,4.01825178185647
2223,2.33953738635247,4.0213617505712
2224,4.0299417767516,4.02447535692313
2225,0.680708953037117,4.02759261036663
2226,1.55848120223837,4.03071352039227
2227,3.33470526415593,4.03383809652704
2228,4.38431814048609,4.03696634833444
2229,3.65421573119038,4.04009828541476
2230,0.538479899356638,4.04323391740523
2231,4.12228050030337,4.04637325398022
2232,5.78884365988328,4.04951630485143
2233,1.2739493681752,4.05266307976807
2234,0.251372323672507,4.0558135885171
2235,3.05324139889441,4.05896784092336
2236,5.60319580462011,4.06212584684983
2237,1.5195447231553,4.06528761619779
2238,3.60913914482022,4.06845315890706
2239,1.87668594074041,4.07162248495612
2240,3.22305818857427,4.07479560436243
2241,1.88426216713691,4.07797252718252
2242,13.506904807822,4.08115326351229
2243,0.497562439834628,4.08433782348715
2244,0.156992607256332,4.08752621728225
2245,0.896080175971072,4.09071845511271
2246,5.14252698872191,4.0939145472338
2247,5.30425105447165,4.09711450394118
2248,11.4464032401145,4.10031833557109
2249,2.90501151712252,4.10352605250058
2250,2.82680108677452,4.10673766514772
2251,3.51485390569157,4.10995318397181
2252,1.3145998738618,4.11317261947363
2253,0.728172023518734,4.11639598219564
2254,4.66014372300628,4.11962328272218
2255,5.96537581627931,4.12285453167975
2256,2.04298613449679,4.12608973973718
2257,0.561358008490777,4.1293289176059
2258,1.09396498105285,4.13257207604013
2259,2.702706679806,4.13581922583713
2260,0.507514986128441,4.13907037783745
2261,5.54566145035219,4.14232554292513
2262,3.63550053560137,4.14558473202795
2263,2.25361446183378,4.14884795611767
2264,1.95781214775152,4.15211522621027
2265,10.5051648124953,4.15538655336616
2266,3.27185148358047,4.15866194869046
2267,0.575459830329676,4.16194142333324
2268,0.835798057514753,4.16522498848972
2269,0.944976883236745,4.16851265540058
2270,6.23050503122956,4.17180443535215
2271,2.57648065166584,4.17510033967671
2272,1.59100911974515,4.1784003797527
2273,8.21482694764398,4.18170456700498
2274,2.70957900757178,4.18501291290513
2275,1.39868063180503,4.18832542897163
2276,5.86224604919128,4.19164212677019
2277,3.63989864015499,4.19496301791396
2278,2.39828256995226,4.19828811406383
2279,4.05410807413444,4.20161742692864
2280,0.486213131238237,4.20495096826552
2281,3.30003437642561,4.2082887498801
2282,3.18897543060528,4.21163078362679
2283,0.935543609210179,4.21497708140906
2284,2.18624874481885,4.21832765517973
2285,4.55917236162592,4.22168251694118
2286,1.92939046973885,4.22504167874573
2287,8.12545834173308,4.22840515269581
2288,1.21845094912347,4.23177295094432
2289,1.31428723031806,4.23514508569488
2290,2.62285453570681,4.2385215692021
2291,1.24224976974829,4.2419024137719
2292,1.82091058594936,4.24528763176179
2293,2.51670013152826,4.24867723558113
2294,1.06374993064908,4.25207123769147
2295,3.74022958818967,4.2554696506068
2296,4.85490477747064,4.25887248689389
2297,0.862939028415146,4.26227975917255
2298,3.06063711711707,4.26569148011595
2299,4.88932058796859,4.26910766245092
2300,3.71938918701968,4.27252831895826
2301,0.864978142608982,4.27595346247304
2302,4.47894202634135,4.27938310588491
2303,1.99573817471233,4.28281726213843
2304,3.46813529732289,4.28625594423334
2305,0.440955027184246,4.28969916522494
2306,0.786076691389379,4.29314693822434
2307,1.58618908010926,4.29659927639884
2308,1.48601836061176,4.30005619297221
2309,19.1666610234684,4.30351770122505
2310,2.1565945220313,4.30698381449508
2311,1.64265839494764,4.31045454617751
2312,1.0423113214431,4.31392990972535
2313,4.76281045442457,4.31740991864974
2314,2.14804177023996,4.3208945865203
2315,2.43216045641439,4.32438392696548
2316,2.43370629238321,4.32787795367286
2317,4.34799385831277,4.33137668038955
2318,0.772023667779557,4.3348801209225
2319,3.07823758761566,4.33838828913886
2320,4.52398839581692,4.34190119896634
2321,1.17090204941154,4.34541886439355
2322,4.32441108770149,4.34894129947037
2323,0.895316944694696,4.35246851830831
2324,1.17436594714208,4.35600053508086
2325,4.73221356094205,4.35953736402387
2326,4.02882277116768,4.36307901943592
2327,8.77500422266672,4.36662551567867
2328,5.44154252683502,4.37017686717727
2329,0.951657629304721,4.37373308842069
2330,3.66004570013114,4.37729419396213
2331,2.02853574581633,4.38086019841942
2332,4.43069719378741,4.38443111647535
2333,1.79200560682067,4.3880069628781
2334,3.13545032661317,4.39158775244164
2335,0.823424606670411,4.39517350004606
2336,3.10435320626842,4.39876422063807
2337,1.40627899909933,4.40235992923128
2338,5.07808878957216,4.4059606409067
2339,2.31069846757254,4.40956637081311
2340,3.10718550269789,4.41317713416744
2341,7.48566102748925,4.41679294625524
2342,0.364009942501977,4.42041382243104
2343,20.0665834575558,4.42403977811882
2344,4.87496376582316,4.42767082881236
2345,2.72608465265144,4.43130699007576
2346,2.80026849540918,4.43494827754379
2347,5.05613087296511,4.43859470692233
2348,3.19360434356164,4.44224629398886
2349,1.78279573922736,4.44590305459282
2350,1.4191341545349,4.44956500465613
2351,2.11787780706254,4.45323216017355
2352,11.1493231211772,4.45690453721321
2353,2.50206687731155,4.46058215191701
2354,1.40253869286113,4.46426502050107
2355,0.678901902194232,4.46795315925623
2356,1.36277105572615,4.47164658454848
2357,2.54062570868064,4.47534531281943
2358,4.98266680513691,4.47904936058679
2359,1.13741926553077,4.48275874444482
2360,4.36861651719453,4.48647348106484
2361,1.95574130028605,4.49019358719566
2362,2.03758076062814,4.49391907966413
2363,1.30718368001185,4.49764997537557
2364,2.06911994586381,4.50138629131429
2365,2.85730837992568,4.50512804454408
2366,2.76011275774787,4.50887525220869
2367,4.93299653724974,4.51262793153237
2368,2.59614064220668,4.51638609982035
2369,8.42767651342892,4.52014977445936
2370,11.1137562277391,4.52391897291813
2371,1.45139186191404,4.52769371274795
2372,3.61627552115562,4.53147401158313
2373,1.0340521644977,4.53525988714158
2374,1.90105568463539,4.53905135722533
2375,1.84230909903068,4.54284843972105
2376,3.18534769598067,4.54665115260059
2377,5.21368932297836,4.55045951392155
2378,3.06604351578384,4.5542735418278
2379,1.44451199352848,4.55809325455005
2380,1.19922660636901,4.56191867040641
2381,2.02643078695462,4.56574980780293
2382,8.4760686707522,4.56958668523419
2383,2.91527124438938,4.57342932128385
2384,0.82541954358292,4.57727773462526
2385,1.19825966652898,4.58113194402199
2386,2.7573899986794,4.58499196832848
2387,1.95756361824432,4.58885782649054
2388,4.46359484397732,4.59272953754605
2389,2.41344867387131,4.59660712062547
2390,1.72684336597192,4.6004905949525
2391,0.869153954114784,4.60437997984465
2392,2.31744685387863,4.60827529471392
2393,2.1210650822948,4.61217655906731
2394,1.42729374427112,4.61608379250755
2395,3.69199668972436,4.61999701473368
2396,3.34312931777842,4.62391624554169
2397,9.07006790706337,4.62784150482515
2398,1.16824743492612,4.63177281257589
2399,1.63165361863501,4.6357101888846
2400,1.72362401283187,4.63965365394155
2401,1.46773639756408,4.64360322803718
2402,1.39187823339456,4.64755893156282
2403,3.0313402473851,4.65152078501134
2404,3.99436984581749,4.65548880897782
2405,1.56144386421294,4.65946302416028
2406,4.13653905969066,4.66344345136029
2407,1.09319969268013,4.66743011148376
2408,1.95962895418427,4.67142302554154
2409,1.81765147383795,4.67542221465023
2410,5.70438133980347,4.67942770003279
2411,1.53041069769451,4.68343950301937
2412,2.75415807969552,4.68745764504791
2413,5.75841987089995,4.691482147665
2414,1.0954005528853,4.69551303252651
2415,2.28851297868751,4.69955032139838
2416,3.93197246240949,4.70359403615741
2417,3.27759244975976,4.70764419879194
2418,0.286901934568895,4.71170083140264
2419,1.17113667020425,4.71576395620331
2420,2.7111061659198,4.71983359552162
2421,1.82091058594936,4.72390977179992
2422,2.290918593201,4.727992507596
2423,0.241699589631991,4.73208182558391
2424,16.5363114198519,4.73617774855474
2425,4.24651149845671,4.74028029941747
2426,4.24358354577276,4.74438950119975
2427,4.26358810090019,4.74850537704872
2428,3.12807467000016,4.75262795023189
2429,0.0562373087521636,4.75675724413792
2430,14.6279970928608,4.76089328227751
2431,2.43974905396798,4.76503608828422
2432,3.91105344212218,4.76918568591534
2433,0.428696171118232,4.77334209905281
2434,2.34093887393274,4.77750535170399
2435,2.17329685387855,4.78167546800265
2436,2.15113120550781,4.7858524722098
2437,2.44509934385331,4.7900363887146
2438,2.74529264847933,4.79422724203528
2439,2.27128050233176,4.79842505682005
2440,2.70030556605405,4.80262985784803
2441,0.850891579128888,4.80684167003014
2442,1.15442626617185,4.81106051841011
2443,1.55315728923126,4.81528642816539
2444,6.44666759885689,4.81951942460808
2445,1.96770745711063,4.82375953318597
2446,3.26364414971982,4.82800677948342
2447,1.05505882856553,4.83226118922243
2448,1.30902497042221,4.83652278826358
2449,1.82375029045174,4.84079160260705
2450,2.44879192372246,4.84506765839361
2451,2.44621997324914,4.84935098190568
2452,1.99280820926255,4.85364159956832
2453,4.13391412979363,4.85793953795027
2454,7.19383174459621,4.86224482376501
2455,1.41873606203533,4.86655748387184
2456,3.01216883043099,4.87087754527689
2457,1.74723688146156,4.87520503513424
2458,3.55596040125725,4.87953998074699
2459,4.83867574381384,4.88388240956836
2460,4.66220735109261,4.88823234920279
2461,3.2155653396594,4.89258982740707
2462,3.54880680945024,4.89695487209146
2463,2.47553278613809,4.9013275113208
2464,0.85015617452484,4.90570777331572
2465,4.55917236162592,4.91009568645373
2466,2.44747143014467,4.91449127927043
2467,2.87680435659703,4.9188945804607
2468,5.23851992848164,4.92330561887983
2469,6.43210536140608,4.92772442354479
2470,1.46382991150083,4.93215102363543
2471,1.19982322459561,4.93658544849566
2472,8.66208743041803,4.94102772763474
2473,1.96623641989753,4.9454778907285
2474,5.50210995284263,4.94993596762061
2475,2.65693975371443,4.95440198832384
2476,6.49298297265544,4.95887598302136
2477,4.05745904063142,4.96335798206802
2478,10.5354384514694,4.96784801599169
2479,0.178584218897938,4.97234611549454
2480,8.0966326290267,4.97685231145438
2481,0.237899048344924,4.98136663492605
2482,2.2004985901627,4.98588911714273
2483,1.48494930831765,4.99041978951733
2484,1.37430339531157,4.99495868364388
2485,3.78685259467346,4.99950583129892
2486,0.728216419819097,5.00406126444294
2487,1.44530851602276,5.00862501522175
2488,3.48292796915004,5.01319711596798
2489,0.995410280969133,5.01777759920251
2490,1.71282254368948,5.02236649763592
2491,4.77431525313289,5.02696384417002
2492,1.44458102868238,5.03156967189928
2493,3.98545269537671,5.03618401411241
2494,1.39540374380459,5.04080690429385
2495,5.81563890399107,5.04543837612532
2496,1.2922329091461,5.05007846348737
2497,0.675005564947209,5.05472720046096
2498,3.22069119930392,5.05938462132906
2499,3.0579293997663,5.06405076057822
2500,1.62502986167491,5.06872565290024
2501,1.33894729775486,5.07340933319375
2502,3.59242944606355,5.07810183656591
2503,1.67622271351306,5.08280319833404
2504,8.24295731900463,5.08751345402734
2505,0.375911017989202,5.09223263938857
2506,1.58472985346922,5.09696079037579
2507,1.21109853879655,5.10169794316407
2508,2.64755065385211,5.10644413414727
2509,0.414084320387535,5.11119939993979
2510,2.03196437078146,5.11596377737837
2511,3.3656959928479,5.12073730352394
2512,3.28048617371302,5.12552001566335
2513,3.89608763729857,5.13031195131132
2514,0.479574098127957,5.13511314821225
2515,4.80508411996528,5.13992364434209
2516,1.75484599041152,5.14474347791031
2517,2.26710373037908,5.14957268736173
2518,3.96095370427165,5.15441131137854
2519,2.57878976959322,5.15925938888225
2520,0.304087637609711,5.16411695903563
2521,3.72293221566762,5.16898406124475
2522,0.968676923995921,5.17386073516101
2523,6.28705028829087,5.17874702068316
2524,9.72966854583151,5.18364295795938
2525,5.82256009709766,5.18854858738939
2526,2.77828293616388,5.1934639496265
2527,1.05954788281041,5.19838908557983
2528,1.91547278477266,5.20332403641639
2529,3.20657443162217,5.2082688435633
2530,2.50165805637274,5.21322354870995
2531,0.891567073163651,5.21818819381029
2532,9.25646798290905,5.22316282108502
2533,8.0180349119276,5.22814747302389
2534,2.52359432460336,5.233142192388
2535,0.885390951454104,5.23814702221208
2536,3.96122158489,5.24316200580691
2537,4.0516103035263,5.24818718676161
2538,7.4776320216885,5.25322260894609
2539,2.71117237922425,5.25826831651348
2540,2.09550363403754,5.26332435390252
2541,1.95061200808339,5.26839076584009
2542,0.551271307151547,5.27346759734371
2543,1.73618288231734,5.27855489372402
2544,2.725487434419,5.28365270058739
2545,2.45337573002623,5.2887610638385
2546,4.178936433394,5.29388002968293
2547,0.838241983413164,5.29900964462978
2548,2.98354010201082,5.30414995549443
2549,6.4454230733185,5.30930100940115
2550,6.19643954394343,5.31446285378587
2551,4.01611188131587,5.31963553639892
2552,4.03810628195367,5.32481910530788
2553,0.565010748978917,5.33001360890032
2554,5.95751398206119,5.33521909588671
2555,2.7872457726539,5.34043561530328
2556,2.26582978900092,5.34566321651497
2557,4.20802516988165,5.35090194921832
2558,2.18441999404583,5.35615186344455
2559,3.62618070488766,5.36141300956246
2560,2.15700601166805,5.3666854382816
2561,2.87024724668796,5.37196920065525
2562,3.79976021657572,5.37726434808363
2563,2.6271977934555,5.382570932317
2564,1.26243934728872,5.38788900545888
2565,1.42857432913206,5.39321861996927
2566,1.12838634332031,5.39855982866792
2567,6.39635927219823,5.40391268473764
2568,0.998298796882149,5.40927724172763
2569,0.709987076273221,5.41465355355687
2570,4.72486952877015,5.42004167451753
2571,3.30289429227531,5.42544165927846
2572,5.31667329176383,5.43085356288864
2573,1.3255683175366,5.43627744078077
2574,4.85872043343455,5.44171334877483
2575,2.64984183505593,5.44716134308168
2576,1.25627583083897,5.45262148030679
2577,1.91763832159147,5.45809381745388
2578,4.91488120012379,5.46357841192874
2579,2.71227351190802,5.46907532154295
2580,2.41327598077256,5.47458460451779
2581,1.10202372738051,5.48010631948812
2582,2.11643451146464,5.48564052550627
2583,1.7538964055297,5.49118728204608
2584,2.34864406007056,5.49674664900687
2585,1.06216607093035,5.50231868671757
2586,3.22699104913884,5.50790345594083
2587,13.7410535116961,5.51350101787718
2588,2.30271794557938,5.51911143416926
2589,1.82060939162112,5.52473476690613
2590,2.10887429468537,5.53037107862757
2591,2.68429014279289,5.53602043232845
2592,2.54550080231782,5.54168289146321
2593,4.25183700903735,5.54735851995032
2594,9.42232353250296,5.55304738217682
2595,5.94303756350664,5.55874954300294
2596,1.72063587809786,5.56446506776676
2597,0.260568428022135,5.57019402228889
2598,0.468688581696502,5.5759364728773
2599,6.63229176394811,5.58169248633209
2600,1.62150176476228,5.58746212995045
2601,1.27455582314519,5.59324547153155
2602,1.32225865104927,5.59904257938159
2603,2.54996979577355,5.60485352231888
2604,1.85805071950589,5.61067836967899
2605,1.90582183348329,5.61651719131991
2606,1.48627005124683,5.62237005762739
2607,1.02701208167907,5.62823703952022
2608,1.744310104211,5.63411820845568
2609,3.67071702004819,5.64001363643499
2610,5.99293005988644,5.64592339600888
2611,3.41242859046887,5.65184756028319
2612,0.57583935498182,5.65778620292456
2613,7.7555514887841,5.66373939816618
2614,1.50018932741694,5.66970722081367
2615,2.63880185717963,5.67568974625095
2616,1.35653796874374,5.68168705044625
2617,2.40201461648135,5.68769920995815
2618,2.44083591682793,5.69372630194177
2619,1.64515828115402,5.69976840415495
2620,0.481154603317984,5.70582559496459
2621,2.32742710241544,5.71189795335302
2622,1.23052197442283,5.71798555892449
2623,2.07395130869063,5.7240884919117
2624,2.91199538214741,5.73020683318249
2625,2.05974764412984,5.73634066424655
2626,3.5910605941944,5.74249006726221
2627,3.20321710565174,5.74865512504345
2628,3.45393710198388,5.75483592106679
2629,2.04082634964421,5.76103253947848
2630,2.29085359399525,5.76724506510166
2631,0.780686234337631,5.77347358344365
2632,4.70624469610698,5.77971818070336
2633,5.92207579186852,5.78597894377878
2634,3.85745947600559,5.79225596027455
2635,1.44997251967851,5.7985493185097
2636,1.47186434749291,5.8048591075254
2637,12.7087973616443,5.81118541709293
2638,0.535342069512017,5.81752833772166
2639,2.98507496322912,5.82388796066716
2640,3.06955453535775,5.83026437793952
2641,3.39470200928516,5.83665768231161
2642,2.9173141295337,5.84306796732761
2643,0.734968143200706,5.84949532731159
2644,2.96207603446431,5.85593985737622
2645,1.18676592594339,5.86240165343159
2646,3.2413555256878,5.86888081219418
2647,1.27372927606181,5.87537743119593
2648,2.32182005651672,5.88189160879346
2649,2.25080960860416,5.88842344417741
2650,2.71826077893289,5.8949730373819
2651,0.569232180898833,5.90154048929415
2652,9.89926041527209,5.90812590166425
2653,0.934344030191523,5.91472937711499
2654,4.16040415286713,5.92135101915195
2655,1.7606500390668,5.92799093217362
2656,0.835113819156291,5.93464922148173
2657,1.92437262870627,5.94132599329176
2658,1.50885624664227,5.94802135474353
2659,1.87529343774229,5.95473541391194
2660,6.63490883705051,5.96146827981799
2661,3.40939214236246,5.96822006243979
2662,2.59889162654367,5.97499087272386
2663,4.09597848748625,5.98178082259658
2664,1.48109015693142,5.98859002497569
2665,20.9073972443213,5.99541859378217
2666,0.440063435309672,6.0022666439521
2667,1.36063551272634,6.00913429144879
2668,1.28915459398392,6.01602165327512
2669,2.13928578376758,6.02292884748597
2670,5.09545614088868,6.02985599320094
2671,19.612182086807,6.03680321061719
2672,4.56585798371403,6.04377062102249
2673,3.92984150098715,6.05075834680851
2674,1.180975081931,6.05776651148424
2675,5.67542184099801,6.0647952396897
2676,0.584552656299428,6.07184465720978
2677,6.3527627488378,6.07891489098834
2678,12.0622777093164,6.08600606914252
2679,0.104923035960478,6.09311832097728
2680,0.373796922358524,6.10025177700013
2681,8.50960323738739,6.10740656893613
2682,3.85888220705962,6.11458282974311
2683,0.454983548402586,6.12178069362712
2684,2.94702322354857,6.12900029605813
2685,4.35451231330531,6.13624177378599
2686,8.31095158203449,6.14350526485661
2687,1.03536795626958,6.15079090862845
2688,2.57704806532949,6.15809884578921
2689,3.2855216116698,6.16542921837283
2690,11.019466395942,6.17278216977677
2691,0.683352724178353,6.18015784477949
2692,0.178584218897938,6.18755638955835
2693,8.08788148594601,6.19497795170765
2694,4.83457626386348,6.2024226802571
2695,10.4576620301114,6.20989072569045
2696,0.1463528109665,6.21738223996456
2697,3.05699546298648,6.2248973765287
2698,2.04965098271656,6.2324362903442
2699,3.55870935287534,6.23999913790438
2700,4.75179016655506,6.24758607725489
2701,1.48552797569931,6.25519726801434
2702,1.47352414756085,6.26283287139522
2703,4.0304550606676,6.2704930502253
2704,1.16435678041772,6.27817796896929
2705,2.47272348373589,6.28588779375087
2706,10.0466977173856,6.29362269237514
2707,0.377424691174632,6.30138283435143
2708,0.81425044267013,6.30916839091645
2709,2.81547242096897,6.31697953505796
2710,2.95658669187469,6.32481644153868
2711,1.31888814512948,6.33267928692074
2712,5.32342993843402,6.34056824959052
2713,9.9605637759721,6.34848350978386
2714,3.79372982611345,6.35642524961182
2715,4.68359313806642,6.36439365308676
2716,1.98595612217084,6.372388906149
2717,4.43402453346391,6.38041119669387
2718,0.901326813279292,6.38846071459923
2719,0.302968782671802,6.39653765175354
2720,6.16617352569511,6.4046422020844
2721,4.37421617459983,6.41277456158755
2722,2.52946225465823,6.42093492835646
2723,2.120630124099,6.42912350261241
2724,3.54527045903783,6.43734048673515
2725,4.17955596246145,6.44558608529403
2726,1.02270437313994,6.45386050507979
2727,1.87804778705536,6.46216395513692
2728,2.37691757204886,6.4704966467965
2729,2.77432480778488,6.4788587937098
2730,4.73656786834843,6.48725061188238
2731,0.410912562318817,6.49567231970887
2732,3.55805438544529,6.50412413800841
2733,0.703140089876344,6.5126062900607
2734,2.86370026872036,6.52111900164275
2735,1.0882409439485,6.52966250106635
2736,2.06230483876565,6.53823701921617
2737,0.595547865411244,6.54684278958868
2738,5.3748370070866,6.55548004833169
2739,1.47662904634814,6.56414903428477
2740,1.2203993165161,6.57284998902033
2741,3.4259999375278,6.58158315688556
2742,2.61795515556308,6.59034878504517
2743,2.3484177858306,6.59914712352488
2744,1.93729582113487,6.6079784252559
2745,3.82644658012531,6.61684294612013
2746,0.386281944409333,6.62574094499633
2747,2.46284938736889,6.63467268380718
2748,0.337431432501059,6.64363842756723
2749,2.59587326817884,6.65263844443188
2750,1.20776668397997,6.66167300574722
2751,2.01862583696803,6.67074238610102
2752,4.83497453566036,6.67984686337454
2753,4.45032669317497,6.68898671879559
2754,3.93677147577822,6.6981622369925
2755,0.633732125172049,6.70737370604929
2756,0.452501438119578,6.71662141756189
2757,4.40274976466485,6.72590566669555
2758,1.58005115269043,6.73522675224345
2759,0.237322577379741,6.74458497668646
2760,3.49210181689547,6.75398064625414
2761,6.87034861156417,6.76341407098713
2762,1.96252591285857,6.77288556480061
2763,3.41458454780409,6.78239544554935
2764,2.86510159882742,6.79194403509392
2765,0.501267157415868,6.80153165936845
2766,0.11725196968603,6.81115864844971
2767,4.03324372438205,6.82082533662775
2768,1.02834505940438,6.83053206247801
2769,4.75424167185542,6.84027916893499
2770,4.02864256531283,6.85006700336752
2771,3.48826280346459,6.85989591765562
2772,0.570861348968151,6.86976626826912
2773,2.51513934785999,6.87967841634791
2774,5.04323933168428,6.88963272778401
2775,2.23570935644316,6.89962957330543
2776,1.72871137965259,6.90966932856191
2777,4.34693482795386,6.91975237421249
2778,4.57287978451241,6.9298790960152
2779,4.23705151556071,6.9400498849186
2780,3.16797820964441,6.95026513715547
2781,2.40747893134948,6.96052525433863
2782,1.49106388703492,6.97083064355888
2783,5.63549456686221,6.98118171748528
2784,0.0244852079257973,6.99157889446763
2785,4.09382935482139,7.00202259864141
2786,2.34988412478109,7.01251326003506
2787,1.97806067034335,7.02305131467986
2788,1.60417107578156,7.03363720472235
2789,1.39540374380459,7.0442713785393
2790,4.1222082200806,7.05495429085556
2791,4.11603190493348,7.06568640286464
2792,3.26797109771188,7.07646818235207
2793,1.0581966225628,7.08730010382191
2794,1.24075200957218,7.09818264862616
2795,2.53166765884804,7.10911630509734
2796,3.75727463415566,7.12010156868433
2797,9.93977638065461,7.13113894209155
2798,1.57926165301557,7.14222893542143
2799,0.995691329622538,7.15337206632059
2800,2.41367967876591,7.16456886012948
2801,1.7841102928954,7.17581985003585
2802,0.704368149236576,7.18712557723207
2803,3.11299729436063,7.19848659107634
2804,2.82162849570031,7.20990344925803
2805,3.15935865274194,7.22137671796728
2806,2.72850574757421,7.23290697206885
2807,4.26574563153234,7.24449479528046
2808,3.01998825773477,7.25614078035579
2809,3.25608257669094,7.26784552927224
2810,0.791134780351863,7.27960965342346
2811,4.76225178513271,7.29143377381712
2812,0.609094820243582,7.30331852127783
2813,0.502725300320155,7.31526453665533
2814,1.62002382472573,7.32727247103847
2815,3.39897015896374,7.3393429859747
2816,0.889699826723393,7.35147675369562
2817,0.809996168219564,7.3636744573486
2818,3.63401418389427,7.37593679123473
2819,2.12919369044271,7.38826446105327
2820,0.497071970245389,7.40065818415284
2821,3.49777774925514,7.41311868978964
2822,4.89601379149787,7.42564671939274
2823,12.4924133322458,7.43824302683696
2824,0.869145280624303,7.45090837872329
2825,3.010729616431,7.46364355466739
2826,2.88593051248339,7.47644934759623
2827,3.82903436070008,7.4893265640533
2828,1.37672091878257,7.50227602451253
2829,3.05200362874725,7.51529856370145
2830,5.43520307049073,7.52839503093367
2831,1.75769538829723,7.54156629045113
2832,0.947412759346605,7.55481322177656
2833,4.24665156227993,7.56813672007626
2834,3.64469842884411,7.58153769653382
2835,10.2368866792797,7.59501707873505
2836,0.869659690850614,7.60857581106453
2837,1.3944365677304,7.62221485511425
2838,2.99990782322583,7.63593519010475
2839,5.94373006633728,7.64973781331928
2840,0.922267566965453,7.66362374055126
2841,2.46845747339158,7.67759400656593
2842,3.08651034944779,7.6916496655763
2843,1.43636276899951,7.70579179173419
2844,6.60380790340835,7.72002147963693
2845,2.45454300825199,7.73433984485018
2846,0.877766221616439,7.74874802444764
2847,2.82162849570031,7.76324717756824
2848,1.19546666168214,7.77783848599149
2849,2.2749538160232,7.79252315473174
2850,4.64600001418521,7.80730241265202
2851,2.15172358869983,7.82217751309842
2852,3.35967937633238,7.83714973455556
2853,2.95377954185819,7.85222038132433
2854,7.07696924657228,7.86739078422248
2855,3.72704717285244,7.88266230130924
2856,1.49347115326126,7.89803631863491
2857,2.72146777559674,7.91351425101636
2858,5.06018524213508,7.9290975428396
2859,1.92152627141012,7.94478766889057
2860,1.2537647412956,7.9605861352154
2861,5.37762213320556,7.97649448001117
2862,2.58225280603651,7.99251427454885
2863,7.34281386357966,8.00864712412946
2864,3.16108769502733,8.02489466907512
2865,4.77919718096143,8.0412585857565
2866,3.54891353050926,8.05774058765818
2867,6.32961539890491,8.07434242648373
2868,1.63165361863501,8.09106589330229
2869,2.13728791443351,8.1079128197384
2870,1.64921953880565,8.12488507920724
2871,2.08116346606648,8.14198458819727
2872,2.91128399953335,8.1592133076025
2873,4.49587615081838,8.17657324410668
2874,2.04361521835128,8.19406645162187
2875,4.58151606422099,8.21169503278408
2876,2.46464482489788,8.22946114050849
2877,2.27766708405907,8.24736697960742
2878,4.17062998613908,8.26541480847376
2879,1.11397373811159,8.28360694083349
2880,1.81159972006508,8.30194574757024
2881,9.05549048464925,8.32043365862597
2882,5.43285816271953,8.3390731649812
2883,1.57357286932985,8.35786682071905
2884,12.9547669201375,8.37681724517733
2885,4.37070736890206,8.39592712519325
2886,3.51481383004743,8.41519921744545
2887,0.52248237077856,8.4346363508987
2888,2.28778907241777,8.45424142935647
2889,1.9464682011794,8.47401743412731
2890,2.71251160809759,8.49396742681108
2891,0.804266947688061,8.51409455221165
2892,9.06395545797402,8.53440204138289
2893,1.12020947530924,8.55489321481553
2894,12.1713863280276,8.5755714857726
2895,2.32713741939508,8.59644036378193
2896,0.958857044500408,8.6175034582947
2897,2.71129239994234,8.63876448251957
2898,2.66437409278835,8.6602272574425
2899,2.1824521582531,8.68189571604347
2900,2.84879753374136,8.70377390772142
2901,4.9838000580759,8.72586600294008
2902,3.05311744226768,8.74817629810811
2903,0.280357154584054,8.77070922070769
2904,0.734372500635254,8.79346933468708
2905,5.29848034218239,8.81646134613356
2906,2.80128783019607,8.83969010924438
2907,1.95922370285457,8.86316063261479
2908,1.69765658452872,8.88687808586362
2909,1.38065945804263,8.91084780661824
2910,2.92014394197089,8.9350753078827
2911,0.499008044902135,8.95956628581453
2912,2.62489281916558,8.9843266279377
2913,2.42779706565384,9.00936242182136
2914,4.38717262829359,9.03467996425669
2915,0.175619924869882,9.06028577096625
2916,2.32876401075802,9.08618658688349
2917,2.07682086326542,9.11238939704334
2918,2.90635262621898,9.13890143812753
2919,3.5008552459433,9.16573021071284
2920,3.84043518507175,9.19288349227419
2921,2.16933309541318,9.22036935099912
2922,0.217702863303733,9.24819616047501
2923,2.44971099587743,9.27637261531652
2924,4.85652683665621,9.30490774780594
2925,1.09647394795987,9.33381094562666
2926,9.96286383805451,9.36309197077694
2927,5.31587746909447,9.39276097975964
2928,0.513842102318146,9.42282854515248
2929,3.42220941123004,9.45330567867409
2930,0.226352145182534,9.48420385587171
2931,3.8714230016824,9.51553504256951
2932,4.50486844396941,9.54731172323066
2933,0.235665901774869,9.57954693140143
2934,2.23835188842593,9.61225428242377
2935,1.21842402679697,9.64544800862246
2936,3.86773495840772,9.67914299719462
2937,1.59195064807901,9.71335483105499
2938,2.17750674127357,9.748099832918
2939,2.26884929177018,9.78339511292948
2940,3.16295467351856,9.81925862019677
2941,1.39323622001148,9.85570919860674
2942,0.170394785238852,9.89276664736715
2943,3.92769159841303,9.93045178675938
2944,2.12654093263377,9.96878652965077
2945,0.783136906243546,10.0077939593826
2946,1.90211969123155,10.0474984147289
2947,1.38253633441588,10.0879255827103
2948,1.94038853063619,10.1291026001521
2949,1.19950378730003,10.1710581649933
2950,4.33691381830736,10.213822658494
2951,0.569993125727887,10.2574282796462
2952,4.16666092865822,10.301909193281
2953,1.94167731919102,10.3473016935846
2954,4.09067296248968,10.3936443849843
2955,4.95372771293107,10.4409783826721
2956,2.77580325341614,10.4893475353788
2957,2.59744099885264,10.5387986734309
2958,2.75677280125911,10.5893818856157
2959,0.873673879044812,10.6411508289645
2960,0.616489099046289,10.6941630762687
2961,4.47126013776037,10.7484805069824
2962,1.63813178856071,10.8041697481817
2963,2.66109267514326,10.8613026734775
2964,3.22144352485764,10.9199569692717
2965,5.07072761835978,10.9802167795727
2966,0.609892760216667,11.0421734428274
2967,3.04554984229584,11.1059263369957
2968,2.0862039107424,11.1715838525346
2969,2.2493037301106,11.2392645172601
2970,5.13407173290843,11.3090983024638
2971,3.13058511176123,11.3812281465142
2972,4.21378937538041,11.455811740917
2973,5.91797887218873,11.5330236350467
2974,2.19624286754492,11.6130577303375
2975,2.18285035683744,11.6961302537727
2976,1.7997454616849,11.7824833256727
2977,2.81185567200076,11.8723892703178
2978,1.25199269304189,11.9661558631641
2979,3.22874166816096,12.064132770066
2980,5.51507728160513,12.1667195190981
2981,1.75478455463342,12.2743754648239
2982,8.38581561807077,12.3876323743907
2983,0.707774404928607,12.5071105097794
2984,4.00321723019665,12.6335394409153
2985,1.32955663963968,12.7677853651905
2986,1.58210332420729,12.9108875387808
2987,4.06724710260365,13.0641077302095
2988,3.3443333571618,13.2289987169289
2989,0.984644475311699,13.407501367359
2990,3.36847722639557,13.6020859435673
2991,3.04464536371672,13.815964249656
2992,4.3745094779386,14.0534200665391
2993,0.853434246262388,14.3203470978735
2994,1.02132236863751,14.6251736409869
2995,4.26448326146243,14.9805646782974
2996,2.24906332044711,15.4068478235453
2997,1.56705221565692,15.9398052722166
2998,2.94600185141042,16.6518804863301
2999,1.93680242186565,17.7299962289462
3000,4.18900779527281,20.0383195196412
